,TIC,i0,i1,med,peak
21.0,212296170,16529.0,16536.0,86134.134765625,86593.7890625
51.0,50472380,5965.0,5987.0,1004.4715270996094,2754.833740234375
94.0,99769182,3626.0,3680.0,256.43585205078125,2149.107666015625
154.0,89257479,2965.0,2970.0,7954.76123046875,8860.7275390625
213.0,79104313,9103.0,9107.0,799060.5,804633.0
254.0,32053388,14327.0,14376.0,135974.84375,138346.8125
278.0,278784031,16468.0,16490.0,84190.3828125,84600.5390625
284.0,214517426,1861.0,1897.0,60362.185546875,65223.13671875
284.0,214517426,2034.0,2047.0,60362.185546875,60499.484375
284.0,214517426,2092.0,2111.0,60362.185546875,61542.09765625
284.0,214517426,2161.0,2175.0,60362.185546875,61140.66796875
284.0,214517426,2372.0,2392.0,60362.185546875,61072.37890625
312.0,220536421,751.0,759.0,104477.07421875,106253.4296875
312.0,220536421,3469.0,3473.0,104477.07421875,105068.7734375
312.0,220536421,7731.0,7759.0,104477.07421875,105804.4375
312.0,220536421,15271.0,15280.0,104477.07421875,104729.1796875
324.0,141769356,5580.0,5602.0,293.2665710449219,623.2455444335938
326.0,441420236,921.0,946.0,286633.7578125,289501.84375
326.0,441420236,2182.0,2187.0,286633.7578125,301525.875
326.0,441420236,5888.0,5907.0,286633.7578125,301679.15625
326.0,441420236,6739.0,6771.0,286633.7578125,295123.6875
326.0,441420236,6900.0,6910.0,286633.7578125,294858.46875
326.0,441420236,8093.0,8097.0,286633.7578125,285596.8125
326.0,441420236,9135.0,9141.0,286633.7578125,297330.4375
326.0,441420236,14563.0,14569.0,286633.7578125,288029.90625
342.0,214992269,39.0,77.0,7302.968505859375,10365.8095703125
342.0,214992269,137.0,153.0,7302.968505859375,9169.2705078125
342.0,214992269,322.0,345.0,7302.968505859375,8798.669921875
342.0,214992269,430.0,445.0,7302.968505859375,8760.2783203125
342.0,214992269,4480.0,4500.0,7302.968505859375,8049.5751953125
358.0,204590347,9729.0,9770.0,26274.1083984375,26565.919921875
369.0,38585053,16474.0,16482.0,456.58338928222656,758.4652709960938
387.0,231708319,6344.0,6348.0,2388.6666259765625,2532.9287109375
387.0,231708319,7905.0,7909.0,2388.6666259765625,2475.781982421875
387.0,231708319,10847.0,10854.0,2388.6666259765625,2590.919189453125
387.0,231708319,12003.0,12021.0,2388.6666259765625,2829.48828125
387.0,231708319,14143.0,14148.0,2388.6666259765625,2724.17041015625
387.0,231708319,15331.0,15335.0,2388.6666259765625,2461.295166015625
400.0,214516789,12068.0,12079.0,348.2469482421875,597.8889770507812
400.0,214516789,12081.0,12086.0,348.2469482421875,403.5538024902344
410.0,302376679,9376.0,9384.0,941.4973449707031,1128.8671875
445.0,31653503,9161.0,9166.0,6986.160888671875,7333.41357421875
455.0,53753284,2507.0,2563.0,150999.0078125,160660.1875
477.0,32068500,11823.0,11846.0,983.6126403808594,1060.9041748046875
521.0,30186108,8999.0,9015.0,900.7176666259766,980.653564453125
530.0,441183795,9159.0,9186.0,71815.0625,73528.921875
541.0,33833289,16536.0,16540.0,994116.0625,1000384.0
544.0,29493969,11886.0,11906.0,16312.83251953125,16424.203125
544.0,29493969,11911.0,11916.0,16312.83251953125,16434.326171875
544.0,29493969,12138.0,12154.0,16312.83251953125,16456.0546875
587.0,234295610,297.0,327.0,1733.405517578125,2269.8701171875
587.0,234295610,11511.0,11525.0,1733.405517578125,2503.4169921875
590.0,389522775,15782.0,15796.0,42697.73046875,44145.29296875
605.0,177353450,2069.0,2075.0,1309.1055297851562,1378.084716796875
605.0,177353450,3937.0,3944.0,1309.1055297851562,1485.1417236328125
605.0,177353450,7899.0,7911.0,1309.1055297851562,1389.432861328125
608.0,214912528,81.0,106.0,5452.813720703125,7716.4306640625
608.0,214912528,164.0,190.0,5452.813720703125,6569.1640625
608.0,214912528,224.0,229.0,5452.813720703125,6318.638671875
608.0,214912528,261.0,266.0,5452.813720703125,6193.2685546875
608.0,214912528,328.0,338.0,5452.813720703125,6726.6376953125
608.0,214912528,359.0,364.0,5452.813720703125,6318.45458984375
608.0,214912528,469.0,517.0,5452.813720703125,7300.0908203125
608.0,214912528,599.0,638.0,5452.813720703125,6843.09814453125
608.0,214912528,828.0,843.0,5452.813720703125,6560.24560546875
639.0,99768342,11139.0,11192.0,631.6636352539062,1059.7530517578125
751.0,25245570,14893.0,14902.0,135.4560203552246,174.8319854736328
751.0,25245570,14908.0,14918.0,135.4560203552246,176.87277221679688
753.0,29430569,3266.0,3281.0,536.6156311035156,2823.428955078125
757.0,441386522,110.0,151.0,49423.875,2270455.5
766.0,176980970,15814.0,15822.0,740.9723663330078,889.0130004882812
829.0,231666244,3594.0,3599.0,17.753019332885742,160.5709991455078
829.0,231666244,3647.0,3651.0,17.753019332885742,137.62814331054688
829.0,231666244,8379.0,8387.0,17.753019332885742,127.95587921142578
829.0,231666244,8597.0,8601.0,17.753019332885742,131.3590545654297
889.0,29830830,5106.0,5112.0,3401.537353515625,3567.467041015625
889.0,29830830,8618.0,8626.0,3401.537353515625,3459.0419921875
937.0,141975926,473.0,482.0,4003.887939453125,4287.8212890625
945.0,389660501,3466.0,3510.0,6132.838623046875,6777.7685546875
945.0,389660501,15074.0,15103.0,6132.838623046875,6600.7314453125
994.0,150440362,14334.0,14378.0,99695.462890625,100248.9140625
994.0,150440362,15237.0,15263.0,99695.462890625,103055.375
1030.0,302298728,2593.0,2603.0,980.2667541503906,1182.0343017578125
1030.0,302298728,8708.0,8716.0,980.2667541503906,1056.37451171875
1045.0,55744694,1487.0,1493.0,2357.58984375,2514.06005859375
1045.0,55744694,10283.0,10295.0,2357.58984375,2766.077392578125
1046.0,289791770,11868.0,11872.0,32316.93359375,32467.966796875
1046.0,289791770,12157.0,12172.0,32316.93359375,32482.947265625
1053.0,441386863,66.0,96.0,53316.650390625,843459.0
1053.0,441386863,107.0,111.0,53316.650390625,470300.21875
1102.0,231631019,4197.0,4208.0,229634.3828125,231421.21875
1102.0,231631019,11978.0,11985.0,229634.3828125,230855.265625
1111.0,92877752,14190.0,14233.0,20954.9287109375,22766.732421875
1128.0,389023278,662.0,669.0,230917.5625,246400.84375
1128.0,389023278,686.0,692.0,230917.5625,246233.390625
1128.0,389023278,1343.0,1347.0,230917.5625,243490.796875
1128.0,389023278,4327.0,4337.0,230917.5625,245730.875
1128.0,389023278,4919.0,4928.0,230917.5625,246928.328125
1128.0,389023278,5477.0,5481.0,230917.5625,241377.8125
1128.0,389023278,14215.0,14223.0,230917.5625,243179.390625
1151.0,441082917,139.0,143.0,338.4621887207031,449.1165771484375
1151.0,441082917,6855.0,6873.0,338.4621887207031,508.2593994140625
1151.0,441082917,15246.0,15256.0,338.4621887207031,788.4552001953125
1185.0,79491341,15836.0,15845.0,1573.47900390625,1749.9462890625
1194.0,79301672,15933.0,15944.0,974.1263732910156,1033.8046875
1194.0,79301672,16418.0,16434.0,974.1263732910156,1235.15625
1267.0,441407606,134.0,139.0,15332.89599609375,16667.5390625
1267.0,441407606,144.0,151.0,15332.89599609375,16428.07421875
1267.0,441407606,161.0,166.0,15332.89599609375,16392.896484375
1304.0,231850074,3454.0,3460.0,1683.6323852539062,1843.10302734375
1304.0,231850074,15939.0,15944.0,1683.6323852539062,1849.8487548828125
1309.0,278781882,16473.0,16482.0,11176.302734375,11284.0947265625
1318.0,25170460,9131.0,9158.0,44323.611328125,44863.31640625
1343.0,177165867,3000.0,3005.0,101962.685546875,103073.96875
1399.0,234495456,10855.0,10866.0,773.6333312988281,1252.170166015625
1399.0,234495456,11047.0,11051.0,773.6333312988281,850.6129150390625
1399.0,234495456,16076.0,16082.0,773.6333312988281,948.4453125
1418.0,261155555,14370.0,14375.0,52139.0546875,52605.765625
1461.0,211354464,10830.0,10836.0,1861.525146484375,2190.42919921875
1461.0,211354464,16108.0,16117.0,1861.525146484375,2195.79638671875
1461.0,211354464,16120.0,16127.0,1861.525146484375,1935.9891357421875
1472.0,358108509,1165.0,1175.0,253.22753143310547,306.09503173828125
1490.0,25155664,14379.0,14409.0,339088.65625,340328.8125
1513.0,159734053,9147.0,9158.0,1826266.3125,1823949.625
1550.0,214874883,14378.0,14383.0,798667.59375,799541.25
1573.0,234292783,2094.0,2099.0,799.1387329101562,955.7835693359375
1582.0,260749816,11664.0,11671.0,294.28621673583984,337.5278015136719
1598.0,381979279,3903.0,3908.0,11405.728515625,11567.658203125
1675.0,382383512,16541.0,16545.0,6165.668212890625,6260.9189453125
1675.0,382383512,16562.0,16568.0,6165.668212890625,6283.509765625
1682.0,278783525,16500.0,16506.0,13364.3173828125,13516.4033203125
1689.0,350025862,7573.0,7578.0,227.40966033935547,280.07757568359375
1722.0,92630380,12021.0,12026.0,142.92276763916016,190.5671844482422
1722.0,92630380,12189.0,12196.0,142.92276763916016,180.81301879882812
1722.0,92630380,12243.0,12250.0,142.92276763916016,169.1934356689453
1727.0,33878971,2294.0,2300.0,954.6287231445312,1003.1622924804688
1727.0,33878971,5180.0,5204.0,954.6287231445312,1108.9229736328125
1727.0,33878971,12166.0,12171.0,954.6287231445312,1058.446044921875
1731.0,441354271,1.0,15.0,49415.912109375,1732609.875
1742.0,302965929,13145.0,13172.0,9643.427734375,12226.47265625
1754.0,267094881,12147.0,12154.0,503.4688186645508,624.3832397460938
1757.0,293508236,2939.0,2943.0,807.1996765136719,946.8494262695312
1769.0,369706249,8490.0,8502.0,1409.076904296875,1776.9537353515625
1784.0,177036977,5396.0,5400.0,357.6449279785156,390.0080261230469
1784.0,177036977,9612.0,9616.0,357.6449279785156,618.2739868164062
1790.0,269829656,144.0,150.0,3085.884521484375,3603.78564453125
1790.0,269829656,293.0,302.0,3085.884521484375,3573.782470703125
1790.0,269829656,313.0,326.0,3085.884521484375,4201.71826171875
1790.0,269829656,13215.0,13224.0,3085.884521484375,3735.7197265625
1816.0,167695269,7830.0,7838.0,968.4257202148438,1098.0228271484375
1816.0,167695269,11552.0,11562.0,968.4257202148438,1377.6131591796875
1817.0,92497105,11591.0,11603.0,44680.255859375,44962.140625
1817.0,92497105,11605.0,11611.0,44680.255859375,44950.2265625
1830.0,32090581,12081.0,12103.0,566.9165954589844,696.7509765625
1841.0,327597288,14333.0,14379.0,201297.2421875,207066.453125
1857.0,293271232,4141.0,4169.0,156404.921875,157963.1875
1857.0,293271232,5507.0,5515.0,156404.921875,159564.828125
1857.0,293271232,8743.0,8770.0,156404.921875,158331.140625
1857.0,293271232,10472.0,10486.0,156404.921875,157653.90625
1866.0,161172848,7151.0,7157.0,14878.17041015625,14857.7998046875
1886.0,24292848,175.0,183.0,121458.0859375,122498.0078125
1895.0,278777070,9148.0,9157.0,101359.818359375,101583.5625
1895.0,278777070,14382.0,14405.0,101359.818359375,101516.8046875
1918.0,469970988,14381.0,14427.0,155615.6796875,166010.640625
1946.0,281562429,12450.0,12476.0,28830.841796875,29913.765625
1961.0,142087340,9859.0,9865.0,30975.4287109375,31238.728515625
1963.0,38820496,3579.0,3585.0,688.3443298339844,831.9542236328125
1963.0,38820496,11965.0,11971.0,688.3443298339844,733.0925903320312
1969.0,92595563,11701.0,11705.0,5871.80908203125,5925.27685546875
1969.0,92595563,12018.0,12035.0,5871.80908203125,6013.466796875
1979.0,231712555,376.0,408.0,51325.8857421875,52035.38671875
1979.0,231712555,13387.0,13418.0,51325.8857421875,51845.6171875
2014.0,406344319,4920.0,4932.0,538.5830993652344,1016.4638671875
2014.0,406344319,12913.0,12919.0,538.5830993652344,692.131591796875
2053.0,234506344,1377.0,1381.0,2371.4532470703125,2498.93408203125
2067.0,167207566,1651.0,1655.0,581.1211853027344,634.6484375
2067.0,167207566,2075.0,2081.0,581.1211853027344,886.588134765625
2077.0,139825840,9634.0,9639.0,879157.8125,881786.1875
2095.0,280910638,7023.0,7027.0,554.0281982421875,594.7537231445312
2101.0,289934844,12095.0,12122.0,30839.1650390625,31078.603515625
2101.0,289934844,12210.0,12224.0,30839.1650390625,31067.8984375
2104.0,425937691,5628.0,5635.0,763.508056640625,1031.899658203125
2106.0,253936304,16522.0,16530.0,360.06298828125,408.9424133300781
2107.0,269940990,10944.0,10948.0,10984.55810546875,11318.6240234375
2107.0,269940990,12365.0,12372.0,10984.55810546875,11216.53515625
2107.0,269940990,12813.0,12839.0,10984.55810546875,11563.626953125
2116.0,364588501,34.0,38.0,35893.197265625,36095.85546875
2116.0,364588501,1429.0,1435.0,35893.197265625,36348.76171875
2116.0,364588501,3186.0,3197.0,35893.197265625,36367.13671875
2116.0,364588501,3394.0,3415.0,35893.197265625,36266.46484375
2116.0,364588501,3974.0,3980.0,35893.197265625,36307.67578125
2116.0,364588501,7102.0,7116.0,35893.197265625,36593.6796875
2116.0,364588501,8127.0,8131.0,35893.197265625,36003.59765625
2116.0,364588501,8597.0,8603.0,35893.197265625,36802.7265625
2116.0,364588501,10996.0,11000.0,35893.197265625,36434.62890625
2131.0,150145456,14301.0,14310.0,23017.2861328125,23593.666015625
2131.0,150145456,14312.0,14316.0,23017.2861328125,23403.236328125
2177.0,149216532,363.0,371.0,591.2982788085938,643.0548706054688
2177.0,149216532,447.0,460.0,591.2982788085938,1006.656005859375
2177.0,149216532,2348.0,2360.0,591.2982788085938,722.5846557617188
2205.0,219166792,11673.0,11682.0,1441.8380126953125,1864.9739990234375
2228.0,273606451,5296.0,5300.0,675.1976013183594,712.3973388671875
2230.0,279245231,2746.0,2752.0,43946.5322265625,44178.65234375
2230.0,279245231,9158.0,9187.0,43946.5322265625,44107.04296875
2262.0,403237836,15744.0,15764.0,8973.75634765625,10406.87109375
2269.0,29392968,12499.0,12515.0,29407.685546875,29609.255859375
2310.0,238813187,4179.0,4184.0,1865.747802734375,2018.4571533203125
2310.0,238813187,16530.0,16534.0,1865.747802734375,2028.32568359375
2314.0,231867117,720.0,728.0,21712.458984375,22603.982421875
2314.0,231867117,8561.0,8568.0,21712.458984375,22487.5078125
2314.0,231867117,14061.0,14095.0,21712.458984375,23421.84375
2332.0,150321663,12839.0,12844.0,111.20016860961914,199.59361267089844
2368.0,260269256,9068.0,9072.0,954.5281677246094,1081.2906494140625
2369.0,410255832,13605.0,13610.0,3236560.125,3239795.0
2373.0,167008868,1846.0,1856.0,64361.93359375,68875.0703125
2373.0,167008868,5196.0,5200.0,64361.93359375,66455.4296875
2373.0,167008868,7946.0,7991.0,64361.93359375,70424.0390625
2373.0,167008868,12427.0,12461.0,64361.93359375,69787.984375
2373.0,167008868,15796.0,15806.0,64361.93359375,67638.7578125
2392.0,232062375,434.0,443.0,21444.193359375,21858.880859375
2392.0,232062375,1970.0,1978.0,21444.193359375,22198.935546875
2392.0,232062375,5407.0,5414.0,21444.193359375,22024.5625
2392.0,232062375,8808.0,8813.0,21444.193359375,21621.052734375
2392.0,232062375,9146.0,9150.0,21444.193359375,21486.380859375
2392.0,232062375,13354.0,13389.0,21444.193359375,22364.806640625
2397.0,259845346,37.0,44.0,5122.831298828125,5534.462890625
2397.0,259845346,4221.0,4226.0,5122.831298828125,5837.7919921875
2397.0,259845346,4263.0,4301.0,5122.831298828125,6739.4990234375
2398.0,61708463,1066.0,1082.0,18341.06591796875,18712.748046875
2398.0,61708463,2227.0,2233.0,18341.06591796875,18378.916015625
2398.0,61708463,7501.0,7505.0,18341.06591796875,18724.28515625
2398.0,61708463,10493.0,10504.0,18341.06591796875,18578.33203125
2402.0,167574282,1863.0,1898.0,7233.360107421875,7590.90625
2402.0,167574282,14999.0,15011.0,7233.360107421875,7274.54736328125
2407.0,381915829,9172.0,9176.0,1054580.0,1055804.5
2410.0,350519062,14358.0,14379.0,164902.21875,166064.546875
2445.0,339770560,7217.0,7254.0,1369.6509399414062,1533.866943359375
2445.0,339770560,11677.0,11682.0,1369.6509399414062,1432.026123046875
2448.0,441389475,92.0,97.0,38647.646484375,39118.59375
2455.0,278804454,14374.0,14379.0,317041.734375,319452.78125
2488.0,197647472,4987.0,5002.0,195565.05078125,197873.671875
2488.0,197647472,12159.0,12168.0,195565.05078125,198843.703125
2490.0,38680132,1577.0,1601.0,692.0145874023438,919.9806518554688
2507.0,382575967,1288.0,1312.0,18401.923828125,19770.037109375
2507.0,382575967,4683.0,4700.0,18401.923828125,18837.736328125
2507.0,382575967,7432.0,7447.0,18401.923828125,18756.701171875
2507.0,382575967,9386.0,9398.0,18401.923828125,19647.01953125
2507.0,382575967,11696.0,11705.0,18401.923828125,18570.71484375
2507.0,382575967,13038.0,13052.0,18401.923828125,18941.794921875
2507.0,382575967,13054.0,13060.0,18401.923828125,18824.5390625
2507.0,382575967,13104.0,13121.0,18401.923828125,18952.671875
2507.0,382575967,14906.0,14916.0,18401.923828125,18893.7109375
2574.0,92565437,12291.0,12295.0,3746.512451171875,3899.40771484375
2635.0,53842250,10491.0,10504.0,326.13099670410156,584.2521362304688
2642.0,212262797,385.0,406.0,17197.4140625,17371.169921875
2651.0,214913775,4519.0,4558.0,16741.5283203125,17735.8671875
2651.0,214913775,4875.0,4908.0,16741.5283203125,17431.541015625
2651.0,214913775,4998.0,5010.0,16741.5283203125,17025.5703125
2677.0,269849065,10284.0,10303.0,982.9522399902344,1548.7384033203125
2682.0,253933031,16498.0,16503.0,65881.20703125,65979.0546875
2691.0,152184774,259.0,300.0,60121.1982421875,1759087.5
2735.0,92751438,8448.0,8477.0,150.28565979003906,263.4761047363281
2735.0,92751438,11840.0,11845.0,150.28565979003906,198.2947998046875
2735.0,92751438,11852.0,11862.0,150.28565979003906,190.95359802246094
2735.0,92751438,11936.0,11958.0,150.28565979003906,229.2464599609375
2757.0,33714944,8109.0,8122.0,1835.7437744140625,2101.2021484375
2785.0,269772525,1.0,32.0,8335.7421875,778116.5
2797.0,260162387,719.0,729.0,11193.619140625,11183.5078125
2797.0,260162387,847.0,855.0,11193.619140625,11140.5908203125
2797.0,260162387,2398.0,2411.0,11193.619140625,11434.4814453125
2797.0,260162387,4312.0,4318.0,11193.619140625,11385.451171875
2820.0,326356582,1124.0,1177.0,21233.60546875,21986.291015625
2843.0,393891178,124.0,129.0,2017.81396484375,2174.443115234375
2843.0,393891178,6060.0,6065.0,2017.81396484375,2153.810302734375
2843.0,393891178,10940.0,10949.0,2017.81396484375,2399.0302734375
2879.0,71274771,9999.0,10012.0,12720.92724609375,13121.4052734375
2879.0,71274771,14132.0,14136.0,12720.92724609375,13023.748046875
2879.0,71274771,15842.0,15862.0,12720.92724609375,14515.80078125
2899.0,126766627,4866.0,4870.0,116065.19921875,116612.1953125
2903.0,266643315,11599.0,11626.0,808.963623046875,868.1700439453125
2924.0,220570408,49.0,55.0,25071.630859375,25074.681640625
2924.0,220570408,7967.0,7980.0,25071.630859375,26199.767578125
2924.0,220570408,15520.0,15524.0,25071.630859375,26098.5234375
2955.0,271900514,1102.0,1107.0,3183.1630859375,3260.467529296875
2955.0,271900514,13523.0,13540.0,3183.1630859375,3643.995849609375
2955.0,271900514,13554.0,13562.0,3183.1630859375,3381.004150390625
2955.0,271900514,16553.0,16567.0,3183.1630859375,3441.608154296875
2976.0,278703988,9455.0,9467.0,716.2965087890625,927.5317993164062
3004.0,441384532,51.0,87.0,8968.2412109375,2175550.25
3053.0,382383645,16518.0,16534.0,1221.289794921875,1378.2532958984375
3077.0,177352893,4606.0,4616.0,1355.3676147460938,1561.1422119140625
3077.0,177352893,14891.0,14896.0,1355.3676147460938,1454.1068115234375
3077.0,177352893,16275.0,16280.0,1355.3676147460938,1521.0396728515625
3087.0,300561157,16414.0,16426.0,5491.53369140625,5865.84326171875
3088.0,115015715,9818.0,9828.0,8731.99169921875,9668.6513671875
3172.0,403191366,5008.0,5012.0,65308.37890625,65622.7578125
3172.0,403191366,14373.0,14395.0,65308.37890625,65592.1640625
3194.0,370282727,7880.0,7904.0,2082.0712890625,2560.56201171875
3212.0,214912529,38.0,72.0,263880.9765625,267819.5
3212.0,214912529,248.0,259.0,263880.9765625,267111.46875
3212.0,214912529,646.0,685.0,263880.9765625,270126.46875
3212.0,214912529,4714.0,4721.0,263880.9765625,265477.6875
3220.0,410421717,4879.0,4885.0,2678.4524536132812,2791.416748046875
3220.0,410421717,8230.0,8235.0,2678.4524536132812,2948.819580078125
3220.0,410421717,10797.0,10811.0,2678.4524536132812,3192.187255859375
3220.0,410421717,12961.0,12970.0,2678.4524536132812,3216.61572265625
3220.0,410421717,14680.0,14689.0,2678.4524536132812,3045.16552734375
3276.0,287329624,10134.0,10140.0,84175.10546875,84372.71875
3300.0,261236136,9116.0,9156.0,75212.3125,76063.828125
3300.0,261236136,10470.0,10503.0,75212.3125,75971.015625
3300.0,261236136,13370.0,13383.0,75212.3125,74679.6953125
3320.0,139233425,5875.0,5882.0,56664.291015625,57317.2734375
3320.0,139233425,9157.0,9163.0,56664.291015625,56617.16015625
3320.0,139233425,12608.0,12612.0,56664.291015625,56539.01953125
3352.0,31852565,3418.0,3423.0,1077.2137451171875,1209.81884765625
3356.0,394633233,9157.0,9162.0,1442015.6875,1443452.375
3362.0,167344043,773.0,789.0,62711.4453125,65677.6640625
3362.0,167344043,4310.0,4322.0,62711.4453125,64182.20703125
3362.0,167344043,9131.0,9136.0,62711.4453125,63528.65234375
3362.0,167344043,10687.0,10702.0,62711.4453125,62730.61328125
3391.0,231910539,6415.0,6423.0,2155.699462890625,2397.599609375
3391.0,231910539,7447.0,7451.0,2155.699462890625,2207.001708984375
3391.0,231910539,7898.0,7909.0,2155.699462890625,2339.75048828125
3391.0,231910539,8745.0,8750.0,2155.699462890625,2303.29833984375
3391.0,231910539,12254.0,12259.0,2155.699462890625,2294.263671875
3391.0,231910539,14048.0,14052.0,2155.699462890625,2301.61669921875
3391.0,231910539,16512.0,16525.0,2155.699462890625,2256.828125
3420.0,214365356,16570.0,16574.0,28143.31787109375,28275.607421875
3423.0,229013887,15765.0,15771.0,1480.4715576171875,1544.1201171875
3429.0,31740375,4183.0,4193.0,2882.8389892578125,3073.563720703125
3429.0,31740375,7677.0,7682.0,2882.8389892578125,3000.31396484375
3436.0,92631388,11565.0,11591.0,59247.6376953125,59553.7265625
3471.0,307031724,1644.0,1658.0,3264.357666015625,3754.060791015625
3471.0,307031724,10161.0,10185.0,3264.357666015625,3526.822509765625
3497.0,29716907,11621.0,11626.0,20681.1748046875,20947.302734375
3497.0,29716907,11632.0,11643.0,20681.1748046875,20970.255859375
3551.0,152936712,16571.0,16575.0,21730.935546875,21882.693359375
3559.0,394230953,7235.0,7243.0,396.0001983642578,462.9870910644531
3559.0,394230953,12828.0,12833.0,396.0001983642578,753.4610595703125
3586.0,80055369,7119.0,7126.0,779.2105102539062,1044.0770263671875
3586.0,80055369,12148.0,12152.0,779.2105102539062,876.3697509765625
3591.0,325178532,341.0,349.0,41934.205078125,43120.07421875
3591.0,325178532,1850.0,1863.0,41934.205078125,41555.30859375
3591.0,325178532,9117.0,9129.0,41934.205078125,42925.84765625
3591.0,325178532,9131.0,9155.0,41934.205078125,42908.14453125
3591.0,325178532,10358.0,10362.0,41934.205078125,41538.2265625
3591.0,325178532,11042.0,11059.0,41934.205078125,43671.63671875
3591.0,325178532,11061.0,11065.0,41934.205078125,42475.09375
3591.0,325178532,14065.0,14073.0,41934.205078125,42876.1015625
3610.0,234290432,6512.0,6520.0,10084.14208984375,10455.7333984375
3610.0,234290432,13890.0,13905.0,10084.14208984375,10326.8193359375
3610.0,234290432,15390.0,15399.0,10084.14208984375,10377.1435546875
3621.0,139996019,1295.0,1302.0,4559.818603515625,4657.46142578125
3621.0,139996019,5486.0,5493.0,4559.818603515625,4885.8046875
3621.0,139996019,9157.0,9168.0,4559.818603515625,4642.2509765625
3621.0,139996019,9170.0,9180.0,4559.818603515625,4808.52978515625
3632.0,234333175,4384.0,4389.0,2099.30029296875,2456.831787109375
3632.0,234333175,6984.0,6993.0,2099.30029296875,2467.40380859375
3632.0,234333175,8876.0,8892.0,2099.30029296875,2412.370849609375
3632.0,234333175,9520.0,9526.0,2099.30029296875,2179.278564453125
3654.0,29841918,11845.0,11874.0,2689.299560546875,2811.6767578125
3654.0,29841918,11947.0,11952.0,2689.299560546875,2749.153076171875
3654.0,29841918,12024.0,12054.0,2689.299560546875,2835.670166015625
3674.0,376931811,1458.0,1463.0,138.58052825927734,260.0346374511719
3714.0,261335869,3651.0,3657.0,924.2955627441406,1010.4722900390625
3733.0,29842382,11802.0,11825.0,2296.396728515625,2396.8046875
3733.0,29842382,12167.0,12187.0,2296.396728515625,2372.161376953125
3733.0,29842382,12369.0,12390.0,2296.396728515625,2359.19140625
3779.0,410214986,52.0,60.0,114690.36328125,115791.0546875
3779.0,410214986,2571.0,2578.0,114690.36328125,116562.8671875
3779.0,410214986,4852.0,4856.0,114690.36328125,114750.1875
3779.0,410214986,5345.0,5350.0,114690.36328125,111637.65625
3779.0,410214986,9229.0,9233.0,114690.36328125,114902.3046875
3824.0,262818859,319.0,324.0,652.5439758300781,700.7514038085938
3826.0,88273145,14782.0,14793.0,22831.1806640625,22716.724609375
3833.0,141334293,15022.0,15053.0,1211.7869873046875,6590.65185546875
3836.0,38461453,12969.0,12978.0,643.0560913085938,770.8804931640625
3841.0,220512758,2687.0,2698.0,816.179931640625,1147.913330078125
3846.0,266998480,4454.0,4476.0,16724.453125,19481.630859375
3846.0,266998480,5596.0,5607.0,16724.453125,17320.587890625
3846.0,266998480,8406.0,8410.0,16724.453125,17571.51953125
3846.0,266998480,11036.0,11043.0,16724.453125,17458.671875
3846.0,266998480,15350.0,15362.0,16724.453125,17391.1796875
3874.0,293273183,8584.0,8592.0,10512.271240234375,10478.822265625
3874.0,293273183,12510.0,12518.0,10512.271240234375,10580.5224609375
3910.0,260839176,1333.0,1345.0,50162.8125,50634.7109375
3916.0,92629879,12031.0,12035.0,17022.150390625,17096.68359375
3929.0,308543286,2197.0,2208.0,4633.4295654296875,4879.76123046875
3929.0,308543286,6479.0,6492.0,4633.4295654296875,5357.091796875
3929.0,308543286,8006.0,8029.0,4633.4295654296875,5134.08544921875
3934.0,261678862,6474.0,6478.0,523.9493408203125,601.52685546875
3934.0,261678862,8476.0,8482.0,523.9493408203125,659.9197998046875
3952.0,289934729,11754.0,11766.0,118.15422821044922,180.98974609375
3952.0,289934729,11768.0,11774.0,118.15422821044922,171.71104431152344
3954.0,290405947,9156.0,9160.0,106713.21484375,106695.7265625
3968.0,231825363,8824.0,8839.0,135097.2421875,135864.5625
3981.0,32052779,2134.0,2139.0,1151.925537109375,1251.97412109375
3981.0,32052779,9524.0,9531.0,1151.925537109375,1223.271728515625
4008.0,92254719,10977.0,10982.0,524.98681640625,638.577392578125
4014.0,234524385,9145.0,9156.0,3162510.875,3164216.5
4087.0,212267307,2895.0,2908.0,23385.125,23540.01953125
4088.0,441357671,75.0,120.0,13242.4638671875,1809085.375
4097.0,294750180,8166.0,8170.0,44123.564453125,45293.82421875
4097.0,294750180,14947.0,14984.0,44123.564453125,55271.0078125
4097.0,294750180,16259.0,16280.0,44123.564453125,50663.36328125
4148.0,394137224,4561.0,4565.0,13167.25341796875,13657.208984375
4148.0,394137224,4994.0,5006.0,13167.25341796875,15400.7724609375
4148.0,394137224,6958.0,6978.0,13167.25341796875,15484.580078125
4148.0,394137224,9668.0,9673.0,13167.25341796875,14288.83203125
4148.0,394137224,10013.0,10018.0,13167.25341796875,13825.0537109375
4149.0,55451820,14062.0,14066.0,22586.01025390625,23314.28515625
4149.0,55451820,14360.0,14380.0,22586.01025390625,22730.462890625
4150.0,52154717,6673.0,6678.0,18157.3818359375,18392.75390625
4150.0,52154717,6680.0,6693.0,18157.3818359375,18458.89453125
4153.0,262613883,9130.0,9134.0,30277.107421875,30579.234375
4153.0,262613883,14384.0,14413.0,30277.107421875,31422.01171875
4156.0,421951793,7342.0,7348.0,1617.6138305664062,1764.30712890625
4163.0,382575703,3830.0,3838.0,12525.19091796875,12926.21875
4168.0,152925167,16564.0,16571.0,7285.138916015625,7389.12451171875
4175.0,92875485,11767.0,11774.0,15924.266845703125,16125.9970703125
4175.0,92875485,11776.0,11782.0,15924.266845703125,16138.4453125
4180.0,237885807,6881.0,6886.0,3838.6815185546875,4949.45751953125
4180.0,237885807,7439.0,7448.0,3838.6815185546875,4055.09033203125
4180.0,237885807,10049.0,10057.0,3838.6815185546875,4031.524169921875
4180.0,237885807,12192.0,12196.0,3838.6815185546875,4046.1142578125
4185.0,293482385,928.0,933.0,1320.2838745117188,1396.3515625
4185.0,293482385,15074.0,15093.0,1320.2838745117188,1435.7740478515625
4191.0,266903338,10129.0,10138.0,1453.0949096679688,1580.226806640625
4194.0,149248196,14319.0,14341.0,555372.546875,569409.9375
4203.0,141945750,836.0,840.0,15396.3837890625,15819.5537109375
4237.0,152913749,16563.0,16567.0,10498.915771484375,10576.1728515625
4267.0,370227780,9159.0,9178.0,899820.921875,902120.4375
4276.0,38518773,2935.0,2939.0,1218.6932983398438,1263.3349609375
4276.0,38518773,9740.0,9751.0,1218.6932983398438,1351.4189453125
4307.0,269998934,220.0,224.0,8449.50537109375,8641.201171875
4365.0,229807000,2428.0,2432.0,7133.92138671875,7420.2890625
4365.0,229807000,5736.0,5745.0,7133.92138671875,8599.0693359375
4365.0,229807000,10113.0,10117.0,7133.92138671875,8073.12646484375
4365.0,229807000,10943.0,10953.0,7133.92138671875,8024.154296875
4392.0,350345393,9153.0,9160.0,24457.70458984375,24266.619140625
4410.0,220557792,286.0,291.0,9955.36962890625,10285.0390625
4422.0,41483281,14383.0,14388.0,12489.03369140625,12589.3544921875
4447.0,269829751,319.0,344.0,52554.65625,55022.26953125
4464.0,214299836,14355.0,14375.0,615976.03125,624610.25
4481.0,92981430,11616.0,11620.0,743.724853515625,788.35205078125
4487.0,404449695,15125.0,15133.0,583.8558044433594,654.1277465820312
4492.0,144218442,16456.0,16478.0,14507.62646484375,14836.5107421875
4501.0,269857351,10115.0,10124.0,681.4918212890625,1074.1109619140625
4534.0,139804696,3097.0,3107.0,1546.2587890625,1867.9521484375
4534.0,139804696,4303.0,4310.0,1546.2587890625,1673.75732421875
4534.0,139804696,11803.0,11809.0,1546.2587890625,1951.6439208984375
4554.0,302116397,1757.0,1773.0,19660.8046875,20980.662109375
4554.0,302116397,4549.0,4563.0,19660.8046875,20195.10546875
4554.0,302116397,5872.0,5884.0,19660.8046875,20571.828125
4554.0,302116397,10538.0,10545.0,19660.8046875,20169.685546875
4554.0,302116397,13689.0,13696.0,19660.8046875,19907.498046875
4650.0,278658834,5042.0,5047.0,805.8344421386719,869.0056762695312
4650.0,278658834,11037.0,11053.0,805.8344421386719,1208.29052734375
4658.0,277298771,2887.0,2903.0,9940.732666015625,12233.55859375
4658.0,277298771,7831.0,7835.0,9940.732666015625,10746.3447265625
4658.0,277298771,14408.0,14438.0,9940.732666015625,12571.6025390625
4675.0,348839788,10459.0,10463.0,28641.6337890625,29075.484375
4675.0,348839788,12737.0,12741.0,28641.6337890625,29016.884765625
4675.0,348839788,15713.0,15717.0,28641.6337890625,29070.607421875
4726.0,290496318,8394.0,8398.0,5110.377197265625,5256.30712890625
4726.0,290496318,10857.0,10866.0,5110.377197265625,5534.76806640625
4726.0,290496318,15638.0,15644.0,5110.377197265625,5451.8046875
4747.0,80083663,12220.0,12225.0,438.67218017578125,609.2122802734375
4747.0,80083663,16287.0,16303.0,438.67218017578125,605.2808227539062
4754.0,300866996,6065.0,6069.0,928.4741516113281,980.2279052734375
4754.0,300866996,10028.0,10032.0,928.4741516113281,1033.9124755859375
4754.0,300866996,11523.0,11528.0,928.4741516113281,1095.681884765625
4774.0,300290733,805.0,810.0,21424.3701171875,21525.234375
4820.0,410214984,53.0,61.0,52691.61328125,53806.55078125
4820.0,410214984,2572.0,2580.0,52691.61328125,54523.09375
4820.0,410214984,4853.0,4857.0,52691.61328125,52758.8125
4820.0,410214984,5346.0,5351.0,52691.61328125,49751.32421875
4820.0,410214984,13409.0,13413.0,52691.61328125,54946.4609375
4851.0,167089430,13342.0,13349.0,95254.03515625,95549.390625
4853.0,302333352,10476.0,10482.0,754.0749206542969,833.8073120117188
4868.0,212252042,74.0,82.0,23924.166015625,517325.09375
4880.0,300969581,16269.0,16276.0,2269.4971923828125,2377.672607421875
4921.0,149101411,4581.0,4586.0,604.9764709472656,694.908203125
4921.0,149101411,16541.0,16562.0,604.9764709472656,751.6686401367188
5005.0,88246378,2802.0,2806.0,1727.3211059570312,1926.1402587890625
5005.0,88246378,9343.0,9353.0,1727.3211059570312,2331.236572265625
5005.0,88246378,16339.0,16344.0,1727.3211059570312,1851.0184326171875
5015.0,238893410,2916.0,2930.0,22251.181640625,22621.732421875
5015.0,238893410,8405.0,8409.0,22251.181640625,22680.451171875
5015.0,238893410,13127.0,13145.0,22251.181640625,22574.234375
5033.0,388182591,2538.0,2545.0,6547.16796875,6686.81201171875
5041.0,339577583,14336.0,14379.0,138433.31640625,140571.171875
5050.0,61709837,9160.0,9164.0,230858.91015625,233235.96875
5054.0,214300008,16537.0,16545.0,10024.9970703125,10171.966796875
5064.0,55291546,2323.0,2328.0,28384.92578125,28834.890625
5086.0,212344096,95.0,99.0,30587.921875,31150.455078125
5090.0,302296434,7030.0,7077.0,660.6774597167969,2239.248046875
5117.0,278078903,953.0,978.0,4386.023681640625,4572.7041015625
5128.0,270566175,16486.0,16501.0,4615.805908203125,4734.0595703125
5128.0,270566175,16509.0,16517.0,4615.805908203125,4730.26806640625
5146.0,52242947,6564.0,6581.0,466.86940002441406,4416.494140625
5146.0,52242947,6663.0,6676.0,466.86940002441406,969.6159057617188
5154.0,289917522,12373.0,12411.0,8491.7646484375,8880.1162109375
5155.0,214772274,1810.0,1826.0,47463.6640625,48740.765625
5155.0,214772274,6661.0,6666.0,47463.6640625,46427.77734375
5164.0,139984208,3958.0,3965.0,2254.251953125,2416.388671875
5164.0,139984208,15818.0,15822.0,2254.251953125,2368.642822265625
5172.0,301940470,6173.0,6180.0,25368.5126953125,25481.2734375
5354.0,206544316,6571.0,6594.0,3248.525634765625,14023.3046875
5359.0,389051009,4700.0,4705.0,842.0002136230469,1013.2591552734375
5359.0,389051009,4708.0,4716.0,842.0002136230469,1038.1497802734375
5359.0,389051009,9569.0,9591.0,842.0002136230469,968.1155395507812
5415.0,79394646,9307.0,9311.0,3063549.625,3067867.0
5454.0,231090784,10747.0,10769.0,2565.5716552734375,2853.20263671875
5454.0,231090784,16398.0,16408.0,2565.5716552734375,2712.46826171875
5494.0,441398770,4567.0,4583.0,142581.9609375,152075.0
5494.0,441398770,5559.0,5569.0,142581.9609375,148162.984375
5494.0,441398770,5748.0,5758.0,142581.9609375,152515.765625
5494.0,441398770,6096.0,6104.0,142581.9609375,155489.875
5494.0,441398770,6132.0,6141.0,142581.9609375,148035.234375
5494.0,441398770,8935.0,8942.0,142581.9609375,167862.578125
5494.0,441398770,8966.0,8994.0,142581.9609375,164722.46875
5494.0,441398770,11672.0,11690.0,142581.9609375,149007.8125
5494.0,441398770,11753.0,11758.0,142581.9609375,155202.109375
5494.0,441398770,13983.0,13988.0,142581.9609375,145638.078125
5494.0,441398770,14927.0,14944.0,142581.9609375,157525.5
5494.0,441398770,15178.0,15185.0,142581.9609375,150493.4375
5499.0,392756613,7222.0,7229.0,111698.38671875,115622.609375
5499.0,392756613,9390.0,9394.0,111698.38671875,113412.9296875
5499.0,392756613,14922.0,14927.0,111698.38671875,111938.953125
5499.0,392756613,14934.0,14942.0,111698.38671875,112242.453125
5499.0,392756613,15905.0,15924.0,111698.38671875,113656.625
5508.0,152876503,16553.0,16565.0,20603.828125,20779.22265625
5533.0,237934055,4418.0,4430.0,468.9672393798828,563.0169677734375
5533.0,237934055,12562.0,12568.0,468.9672393798828,650.9376220703125
5562.0,25118964,3535.0,3539.0,2357.642578125,2497.907958984375
5562.0,25118964,10009.0,10014.0,2357.642578125,2514.349609375
5562.0,25118964,14227.0,14233.0,2357.642578125,2445.4384765625
5568.0,232082780,258.0,262.0,7259.709228515625,7427.61328125
5582.0,260751444,6275.0,6283.0,1398471.90625,1410351.125
5590.0,201250285,7257.0,7261.0,35380.998046875,35762.99609375
5595.0,149540525,9135.0,9145.0,69291.013671875,70618.609375
5595.0,149540525,12794.0,12829.0,69291.013671875,72308.65625
5595.0,149540525,13224.0,13255.0,69291.013671875,71949.21875
5595.0,149540525,14358.0,14377.0,69291.013671875,69593.1328125
5595.0,149540525,16356.0,16387.0,69291.013671875,72020.2109375
5601.0,280868464,880.0,887.0,1282.8102416992188,1336.4716796875
5621.0,278536301,16454.0,16458.0,5087.05859375,5169.98828125
5621.0,278536301,16468.0,16474.0,5087.05859375,5166.9736328125
5626.0,147302016,1639.0,1646.0,12611.21923828125,13130.19921875
5626.0,147302016,4793.0,4816.0,12611.21923828125,13202.1806640625
5693.0,389308200,37.0,55.0,72079.3984375,407148.40625
5693.0,389308200,58.0,64.0,72079.3984375,371585.09375
5696.0,339633702,4029.0,4034.0,24642.32421875,25373.0
5696.0,339633702,14999.0,15004.0,24642.32421875,24614.26171875
5706.0,53726408,394.0,400.0,1213.5851440429688,1327.000732421875
5706.0,53726408,3668.0,3673.0,1213.5851440429688,1330.04736328125
5706.0,53726408,6759.0,6765.0,1213.5851440429688,1262.375732421875
5706.0,53726408,9508.0,9512.0,1213.5851440429688,1384.8206787109375
5706.0,53726408,9831.0,9842.0,1213.5851440429688,1283.499267578125
5727.0,25353710,15210.0,15219.0,1288.7403564453125,1363.955810546875
5734.0,237880881,4365.0,4388.0,616.5229644775391,1532.2099609375
5734.0,237880881,4469.0,4496.0,616.5229644775391,899.8746337890625
5768.0,441397840,7.0,11.0,16626.79736328125,17255.720703125
5829.0,278614475,16510.0,16518.0,489.5879364013672,578.33740234375
5840.0,415687649,6956.0,6962.0,68675.28125,70442.6015625
5840.0,415687649,6964.0,6987.0,68675.28125,70521.21875
5840.0,415687649,14331.0,14376.0,68675.28125,69383.546875
5843.0,215054743,146.0,200.0,7398.7109375,16976.5703125
5843.0,215054743,280.0,314.0,7398.7109375,10286.1982421875
5868.0,79301671,15934.0,15947.0,920.7951049804688,982.9447021484375
5868.0,79301671,16418.0,16434.0,920.7951049804688,1181.870849609375
5906.0,92630899,12013.0,12019.0,47166.66015625,47520.765625
5986.0,141914082,10747.0,10780.0,58973.52734375,81909.59375
5990.0,220539110,1725.0,1734.0,14379.18603515625,14750.326171875
5990.0,220539110,15983.0,15988.0,14379.18603515625,14657.9580078125
6008.0,394580636,14649.0,14664.0,2602.775390625,3187.671630859375
6011.0,44627561,9156.0,9168.0,38155.650390625,39076.31640625
6015.0,53992511,15905.0,15917.0,599689.6875,607557.125
6032.0,425940082,5432.0,5453.0,71097.66015625,88470.015625
6040.0,425976940,5314.0,5323.0,30808.33984375,31482.283203125
6040.0,425976940,9158.0,9163.0,30808.33984375,31680.966796875
6040.0,425976940,9178.0,9183.0,30808.33984375,31621.111328125
6040.0,425976940,14344.0,14379.0,30808.33984375,31274.615234375
6040.0,425976940,16090.0,16097.0,30808.33984375,31364.21484375
6043.0,309299238,3163.0,3169.0,476.6550598144531,601.6226806640625
6043.0,309299238,4960.0,4967.0,476.6550598144531,734.603759765625
6092.0,142148228,9032.0,9037.0,68463.17578125,68926.9375
6098.0,441357796,78.0,121.0,9722.28564453125,1339673.375
6101.0,349192028,13831.0,13840.0,2738.7691650390625,3056.284912109375
6148.0,358176584,4477.0,4482.0,4663.0723876953125,5117.0751953125
6148.0,358176584,5810.0,5815.0,4663.0723876953125,4712.19287109375
6148.0,358176584,11338.0,11344.0,4663.0723876953125,4722.55419921875
6148.0,358176584,12424.0,12433.0,4663.0723876953125,5064.9462890625
6160.0,289825677,12201.0,12206.0,61110.326171875,61449.76953125
6160.0,289825677,12208.0,12215.0,61110.326171875,61456.30078125
6162.0,388204750,7961.0,7977.0,245.2694091796875,342.6339111328125
6178.0,152938733,16530.0,16539.0,7009.458740234375,7148.166015625
6235.0,260972843,9919.0,9940.0,621.11962890625,3662.793701171875
6241.0,403121294,4687.0,4700.0,71897.3671875,74381.546875
6241.0,403121294,6980.0,6989.0,71897.3671875,72390.25
6241.0,403121294,10783.0,10794.0,71897.3671875,72467.6953125
6241.0,403121294,14119.0,14125.0,71897.3671875,72234.890625
6264.0,234523773,3279.0,3285.0,4323.753662109375,4489.1533203125
6264.0,234523773,10306.0,10312.0,4323.753662109375,4508.005859375
6280.0,355601331,6788.0,6804.0,1738.8385620117188,1967.4267578125
6290.0,270342707,952.0,961.0,78535.890625,79392.1796875
6290.0,270342707,5794.0,5806.0,78535.890625,79017.3046875
6293.0,211414032,7339.0,7348.0,1137.9889526367188,1192.304931640625
6293.0,211414032,7350.0,7356.0,1137.9889526367188,1196.2562255859375
6293.0,211414032,7358.0,7364.0,1137.9889526367188,1187.5233154296875
6297.0,260504446,7970.0,7982.0,647.6250915527344,944.501220703125
6303.0,262612391,9818.0,9825.0,960.6850891113281,1182.044921875
6304.0,260351540,7187.0,7218.0,77697.76171875,86165.28125
6312.0,29543294,123.0,127.0,5321.8876953125,5370.4794921875
6326.0,441199393,13053.0,13107.0,10781.66943359375,12028.3837890625
6335.0,152875507,16510.0,16516.0,19855.1572265625,20035.05078125
6338.0,339576478,1082.0,1088.0,4163.265869140625,4261.48583984375
6338.0,339576478,2978.0,2984.0,4163.265869140625,4242.39208984375
6338.0,339576478,13699.0,13705.0,4163.265869140625,4345.3623046875
6339.0,389568266,6818.0,6822.0,1415.7025146484375,1468.780029296875
6429.0,350584820,16073.0,16089.0,10551.08154296875,10789.5947265625
6430.0,304032310,6838.0,6844.0,4346.175537109375,4441.759765625
6451.0,214913675,118.0,133.0,501301.578125,500496.15625
6451.0,214913675,197.0,213.0,501301.578125,501896.8125
6451.0,214913675,509.0,542.0,501301.578125,505144.15625
6451.0,214913675,693.0,726.0,501301.578125,504173.875
6494.0,441125754,9131.0,9157.0,1207.959228515625,1827.8067626953125
6518.0,232073492,3784.0,3788.0,1011.3777313232422,1065.1507568359375
6541.0,92254667,11416.0,11423.0,2435.90576171875,2496.062744140625
6541.0,92254667,11619.0,11624.0,2435.90576171875,2501.670166015625
6546.0,238831201,12827.0,12833.0,835.2936706542969,876.4586181640625
6553.0,92564392,11691.0,11695.0,3846.6903076171875,3956.181396484375
6553.0,92564392,11698.0,11702.0,3846.6903076171875,3947.009765625
6553.0,92564392,11704.0,11709.0,3846.6903076171875,3948.761962890625
6553.0,92564392,11887.0,11892.0,3846.6903076171875,3899.416015625
6566.0,219338651,9156.0,9197.0,7375.676025390625,7026.26220703125
6575.0,410441676,1202.0,1208.0,653985.5625,655844.8125
6575.0,410441676,9598.0,9602.0,653985.5625,655601.875
6605.0,278773740,16470.0,16499.0,202.57915496826172,289.00262451171875
6608.0,308662088,12639.0,12647.0,849.8792419433594,1041.699462890625
6613.0,382624902,2776.0,2787.0,2691.2098388671875,2985.824951171875
6613.0,382624902,13106.0,13112.0,2691.2098388671875,3056.379150390625
6614.0,358467700,14363.0,14379.0,30841.9248046875,31466.125
6619.0,406272866,1268.0,1272.0,98130.48046875,99055.6328125
6635.0,234509975,2808.0,2812.0,3961.9483642578125,4300.99462890625
6640.0,177116487,2294.0,2306.0,8643.86669921875,8590.4833984375
6642.0,299798795,6342.0,6350.0,3482.4815673828125,3633.55419921875
6642.0,299798795,11497.0,11504.0,3482.4815673828125,3663.070556640625
6642.0,299798795,14948.0,14978.0,3482.4815673828125,4035.94921875
6651.0,63037741,9806.0,9834.0,4250.58447265625,4401.4013671875
6651.0,63037741,9836.0,9840.0,4250.58447265625,4387.9794921875
6665.0,441125193,9158.0,9184.0,42795.08203125,42318.140625
6672.0,231857003,1238.0,1245.0,2122.8848876953125,2481.65673828125
6672.0,231857003,13807.0,13821.0,2122.8848876953125,3021.4130859375
6697.0,55295028,5820.0,5826.0,31242.953125,31387.302734375
6697.0,55295028,6232.0,6236.0,31242.953125,32304.04296875
6697.0,55295028,6238.0,6257.0,31242.953125,32378.609375
6715.0,32090583,241.0,245.0,711.6378173828125,979.4259033203125
6715.0,32090583,10875.0,10879.0,711.6378173828125,776.5100708007812
6715.0,32090583,12079.0,12105.0,711.6378173828125,903.1138305664062
6720.0,269855929,6954.0,6958.0,10951.796875,10877.0068359375
6720.0,269855929,14382.0,14410.0,10951.796875,11132.5693359375
6720.0,269855929,14414.0,14421.0,10951.796875,11075.49609375
6729.0,441387558,316.0,322.0,8281.73388671875,8716.4599609375
6817.0,394356010,4600.0,4605.0,573.0677642822266,862.8963623046875
6817.0,394356010,13339.0,13368.0,573.0677642822266,1013.3472290039062
6846.0,278785393,16480.0,16489.0,59297.4609375,59636.2109375
6875.0,152254863,9147.0,9151.0,54393.3955078125,54583.63671875
6877.0,25132999,10089.0,10111.0,7340.021240234375,8101.47900390625
6877.0,25132999,16438.0,16455.0,7340.021240234375,7638.86572265625
6886.0,382383510,16523.0,16536.0,24487.681640625,24770.71484375
6900.0,219319702,10736.0,10781.0,37842.228515625,38465.62890625
6917.0,271725679,12115.0,12120.0,542.6884460449219,603.7106323242188
6917.0,271725679,12711.0,12728.0,542.6884460449219,760.911376953125
6917.0,271725679,15963.0,15969.0,542.6884460449219,592.5150146484375
6964.0,303909762,12822.0,12829.0,2498.36474609375,2635.889404296875
6983.0,215197039,2135.0,2139.0,5815.4091796875,6027.953125
6983.0,215197039,2347.0,2351.0,5815.4091796875,6061.80029296875
6983.0,215197039,8385.0,8400.0,5815.4091796875,6500.91162109375
6994.0,281582156,8919.0,8923.0,16176.7900390625,15801.60546875
6994.0,281582156,8939.0,8958.0,16176.7900390625,15957.9794921875
6994.0,281582156,9046.0,9052.0,16176.7900390625,16113.044921875
6994.0,281582156,13232.0,13279.0,16176.7900390625,16540.216796875
7006.0,79403675,10733.0,10740.0,103070.04296875,101081.640625
7006.0,79403675,12015.0,12027.0,103070.04296875,106293.9921875
7006.0,79403675,14937.0,14944.0,103070.04296875,104789.4375
7011.0,369966331,6143.0,6147.0,6702.40478515625,6800.46875
7051.0,278803981,16493.0,16502.0,110.6072883605957,156.29705810546875
7051.0,278803981,16517.0,16521.0,110.6072883605957,153.203857421875
7073.0,326393023,2373.0,2382.0,1755.171875,2805.0390625
7073.0,326393023,16405.0,16415.0,1755.171875,2643.397705078125
7077.0,270672809,13693.0,13702.0,888.62890625,941.7715454101562
7081.0,349273863,2157.0,2174.0,495.58551025390625,700.1419067382812
7082.0,38822853,16316.0,16324.0,4002.8709716796875,4565.20849609375
7093.0,349647697,3278.0,3286.0,58642.0244140625,59738.73046875
7093.0,349647697,9091.0,9116.0,58642.0244140625,59853.2578125
7093.0,349647697,9118.0,9123.0,58642.0244140625,59763.91015625
7116.0,441423591,7501.0,7509.0,4777.5142822265625,5253.18798828125
7116.0,441423591,9332.0,9344.0,4777.5142822265625,5210.2568359375
7117.0,214913715,441.0,475.0,48950.310546875,51991.12109375
7117.0,214913715,554.0,572.0,48950.310546875,50925.53125
7117.0,214913715,597.0,612.0,48950.310546875,51020.72265625
7117.0,214913715,630.0,636.0,48950.310546875,49962.97265625
7117.0,214913715,828.0,878.0,48950.310546875,51804.546875
7117.0,214913715,4620.0,4629.0,48950.310546875,49768.28515625
7146.0,92708084,11894.0,11921.0,13090.01953125,13167.3193359375
7146.0,92708084,11999.0,12015.0,13090.01953125,13223.498046875
7166.0,92708508,12169.0,12178.0,19663.8154296875,19828.814453125
7167.0,394244919,15768.0,15787.0,492.6806335449219,1761.53857421875
7172.0,266637623,757.0,767.0,10304.0263671875,10515.30078125
7172.0,266637623,5081.0,5086.0,10304.0263671875,10604.1708984375
7172.0,266637623,15267.0,15283.0,10304.0263671875,10791.8291015625
7187.0,141423634,16394.0,16398.0,839.9782257080078,890.6259155273438
7200.0,91478103,4616.0,4626.0,31870.25634765625,34120.6875
7200.0,91478103,15827.0,15831.0,31870.25634765625,30327.12890625
7310.0,197757864,15282.0,15288.0,822.4021911621094,934.12548828125
7331.0,126945045,3874.0,3882.0,841.7055358886719,1147.5628662109375
7331.0,126945045,4118.0,4124.0,841.7055358886719,937.9486694335938
7342.0,441419703,7133.0,7180.0,422600.515625,442505.1875
7342.0,441419703,13201.0,13205.0,422600.515625,436213.8125
7342.0,441419703,13209.0,13214.0,422600.515625,436119.28125
7346.0,289823771,7007.0,7040.0,13194.4384765625,13419.7587890625
7380.0,214568914,6249.0,6277.0,45.402923583984375,160.16114807128906
7380.0,214568914,6324.0,6336.0,45.402923583984375,108.80290222167969
7380.0,214568914,6375.0,6398.0,45.402923583984375,305.2654724121094
7427.0,92733122,11555.0,11570.0,19096.8544921875,19230.46875
7427.0,92733122,11713.0,11739.0,19096.8544921875,19182.99609375
7427.0,92733122,11839.0,11855.0,19096.8544921875,19161.19140625
7436.0,161382878,13315.0,13325.0,242703.6171875,244885.796875
7444.0,140859822,6601.0,6624.0,2123.7882080078125,2567.215576171875
7444.0,140859822,7041.0,7046.0,2123.7882080078125,2206.2392578125
7444.0,140859822,13790.0,13795.0,2123.7882080078125,2433.07861328125
7444.0,140859822,13823.0,13841.0,2123.7882080078125,2425.71533203125
7444.0,140859822,16396.0,16402.0,2123.7882080078125,2335.916015625
7445.0,238176832,3542.0,3547.0,10936.09912109375,11339.2685546875
7445.0,238176832,5447.0,5452.0,10936.09912109375,11213.4208984375
7445.0,238176832,8930.0,8941.0,10936.09912109375,11965.5458984375
7450.0,279570232,3459.0,3476.0,7021.73193359375,7212.71484375
7450.0,279570232,8943.0,8949.0,7021.73193359375,7065.15673828125
7459.0,176955267,2717.0,2724.0,4234.802001953125,4470.3232421875
7459.0,176955267,6738.0,6772.0,4234.802001953125,4866.732421875
7459.0,176955267,6882.0,6900.0,4234.802001953125,4439.697265625
7459.0,176955267,6903.0,6907.0,4234.802001953125,4350.19189453125
7459.0,176955267,7242.0,7247.0,4234.802001953125,4776.935546875
7459.0,176955267,9201.0,9207.0,4234.802001953125,4963.56884765625
7466.0,444151146,15641.0,15650.0,552.7938842773438,610.5143432617188
7471.0,270368906,7002.0,7008.0,1349.198974609375,1470.283203125
7471.0,270368906,15371.0,15376.0,1349.198974609375,1448.5546875
7516.0,426011964,4117.0,4128.0,1275.0465698242188,2337.85791015625
7579.0,215054758,374.0,413.0,69196.0546875,70535.640625
7579.0,215054758,477.0,494.0,69196.0546875,69854.0
7579.0,215054758,3797.0,3839.0,69196.0546875,70866.2265625
7579.0,215054758,4246.0,4274.0,69196.0546875,70110.6640625
7579.0,215054758,6272.0,6298.0,69196.0546875,69951.9453125
7601.0,220492758,7532.0,7546.0,461342.6015625,472795.46875
7601.0,220492758,7548.0,7555.0,461342.6015625,472863.875
7601.0,220492758,8001.0,8016.0,461342.6015625,470537.15625
7601.0,220492758,8443.0,8478.0,461342.6015625,475086.3125
7606.0,306577678,13960.0,13964.0,5580.162109375,5717.81298828125
7639.0,273512747,753.0,772.0,6121.92578125,6329.6748046875
7656.0,129646813,1554.0,1559.0,780.7777404785156,875.6791381835938
7656.0,129646813,2854.0,2858.0,780.7777404785156,839.8751220703125
7656.0,129646813,10747.0,10770.0,780.7777404785156,928.5258178710938
7683.0,318606698,15193.0,15217.0,3088.74365234375,3739.76025390625
7683.0,318606698,15502.0,15506.0,3088.74365234375,3243.945556640625
7718.0,404768019,3410.0,3429.0,23142.9736328125,23884.23046875
7736.0,99566892,924.0,933.0,2021.8153076171875,2282.847412109375
7736.0,99566892,1685.0,1692.0,2021.8153076171875,2119.271240234375
7736.0,99566892,5163.0,5168.0,2021.8153076171875,2103.871337890625
7736.0,99566892,7164.0,7170.0,2021.8153076171875,2208.9775390625
7736.0,99566892,11212.0,11219.0,2021.8153076171875,2395.08935546875
7736.0,99566892,13677.0,13693.0,2021.8153076171875,2274.243408203125
7740.0,326301723,49.0,54.0,24403.5,92332.703125
7752.0,260352702,2549.0,2563.0,524.8504943847656,622.1321411132812
7761.0,214913685,43.0,71.0,7907.35693359375,11080.3203125
7761.0,214913685,137.0,163.0,7907.35693359375,13295.341796875
7761.0,214913685,389.0,397.0,7907.35693359375,8854.8798828125
7761.0,214913685,4911.0,4924.0,7907.35693359375,10178.611328125
7795.0,50345701,4713.0,4720.0,41745.84765625,42905.6328125
7795.0,50345701,7307.0,7314.0,41745.84765625,41887.47265625
7800.0,126945917,9112.0,9157.0,37549.892578125,37714.0234375
7808.0,308453624,14383.0,14391.0,56938.71875,57009.91796875
7836.0,293618677,7527.0,7535.0,327.760498046875,370.36334228515625
7839.0,289916363,12166.0,12189.0,3915.4669189453125,3991.267578125
7847.0,55269690,1724.0,1744.0,5764.261474609375,6330.77587890625
7847.0,55269690,6675.0,6681.0,5764.261474609375,6048.5185546875
7847.0,55269690,9116.0,9150.0,5764.261474609375,6269.42919921875
7874.0,269762258,11955.0,11961.0,871.3003234863281,1393.650146484375
7883.0,234529160,7416.0,7432.0,6814.533935546875,13772.7119140625
7883.0,234529160,16004.0,16011.0,6814.533935546875,11245.158203125
7896.0,278823339,3960.0,3974.0,618.6231994628906,820.8997802734375
7907.0,29837570,12500.0,12544.0,22107.78515625,22436.849609375
7926.0,270677813,913.0,923.0,18946.0478515625,18893.6484375
7926.0,270677813,9159.0,9165.0,18946.0478515625,19048.109375
7926.0,270677813,9170.0,9175.0,18946.0478515625,19009.90234375
7926.0,270677813,9181.0,9186.0,18946.0478515625,18977.828125
7941.0,394210384,1894.0,1912.0,34736.69921875,35657.50390625
7941.0,394210384,8626.0,8630.0,34736.69921875,35908.8671875
7941.0,394210384,9293.0,9314.0,34736.69921875,36759.5546875
7941.0,394210384,14548.0,14553.0,34736.69921875,35722.06640625
7957.0,309617141,12591.0,12599.0,1258.7725830078125,1407.9447021484375
7957.0,309617141,14695.0,14701.0,1258.7725830078125,1370.2408447265625
7981.0,144217628,215.0,220.0,6045.900634765625,6201.556640625
7981.0,144217628,2640.0,2644.0,6045.900634765625,6127.30712890625
7981.0,144217628,12437.0,12441.0,6045.900634765625,6259.9853515625
8002.0,92313604,12010.0,12014.0,23180.4541015625,23339.970703125
8026.0,294329266,959.0,966.0,1780.6552734375,1950.8389892578125
8026.0,294329266,8985.0,9001.0,1780.6552734375,2808.275390625
8026.0,294329266,15555.0,15559.0,1780.6552734375,1899.419189453125
8126.0,273369281,4546.0,4556.0,1524.971435546875,1611.968994140625
8128.0,92446024,12167.0,12173.0,4692.26904296875,4755.28466796875
8184.0,126637970,2631.0,2637.0,45.39652061462402,94.48624420166016
8229.0,279511291,5455.0,5474.0,9727.44970703125,10000.083984375
8240.0,92787847,11901.0,11907.0,44280.404296875,44446.75390625
8245.0,253931508,16495.0,16500.0,65042.822265625,65260.07421875
8261.0,441024908,11603.0,11607.0,2153.0189208984375,2248.3046875
8263.0,358108300,15649.0,15653.0,1667.4029235839844,1735.2440185546875
8275.0,278708134,8333.0,8339.0,9145.1396484375,9761.7900390625
8275.0,278708134,12386.0,12400.0,9145.1396484375,11847.291015625
8321.0,150188736,8932.0,8960.0,9909.03271484375,10783.9736328125
8338.0,214772358,52.0,96.0,58230.23046875,61853.5234375
8338.0,214772358,306.0,335.0,58230.23046875,60057.8984375
8338.0,214772358,462.0,485.0,58230.23046875,59081.78125
8338.0,214772358,557.0,595.0,58230.23046875,61517.59375
8338.0,214772358,641.0,656.0,58230.23046875,59090.2734375
8338.0,214772358,1406.0,1412.0,58230.23046875,60381.53515625
8338.0,214772358,1414.0,1418.0,58230.23046875,60373.59375
8347.0,238194430,14771.0,14787.0,1467.2492065429688,7412.72119140625
8375.0,92630250,14216.0,14237.0,708.1827697753906,1226.7559814453125
8375.0,92630250,14571.0,14586.0,708.1827697753906,991.5501098632812
8384.0,270356871,5969.0,5999.0,60939.4033203125,61628.9296875
8384.0,270356871,14681.0,14688.0,60939.4033203125,61463.515625
8384.0,270356871,14818.0,14851.0,60939.4033203125,62534.375
8385.0,220556639,3886.0,3892.0,3781.0885009765625,4387.66357421875
8385.0,220556639,9748.0,9760.0,3781.0885009765625,4977.02392578125
8385.0,220556639,11542.0,11565.0,3781.0885009765625,5741.37939453125
8394.0,92707327,12123.0,12129.0,35425.431640625,35664.890625
8396.0,349371337,13076.0,13089.0,4077.886962890625,4288.26904296875
8426.0,441380191,1.0,8.0,48037.91796875,421265.9375
8464.0,350840339,4891.0,4902.0,320.8567657470703,368.84814453125
8515.0,425934574,1385.0,1389.0,267482.515625,267906.75
8541.0,281497804,451.0,466.0,38758.58984375,39182.7109375
8541.0,281497804,10949.0,10955.0,38758.58984375,39099.76953125
8546.0,231631020,4196.0,4207.0,204133.54296875,206049.03125
8546.0,231631020,11977.0,11984.0,204133.54296875,205353.765625
8556.0,229807051,2036.0,2054.0,1511.9373779296875,1699.8209228515625
8556.0,229807051,2247.0,2272.0,1511.9373779296875,1744.0709228515625
8556.0,229807051,6978.0,7000.0,1511.9373779296875,1799.66943359375
8556.0,229807051,10006.0,10031.0,1511.9373779296875,2260.270263671875
8604.0,325220989,3591.0,3601.0,2952.2191772460938,3193.144287109375
8604.0,325220989,5615.0,5626.0,2952.2191772460938,3048.355224609375
8604.0,325220989,14048.0,14060.0,2952.2191772460938,3117.76220703125
8604.0,325220989,14911.0,14915.0,2952.2191772460938,3044.3994140625
8612.0,152807621,722.0,771.0,9673.646484375,12349.7041015625
8629.0,71335815,15842.0,15847.0,5234.142578125,5370.40380859375
8631.0,92500085,7132.0,7136.0,2170.2132568359375,2308.214111328125
8635.0,300266322,2352.0,2357.0,2092.9058837890625,2217.180908203125
8635.0,300266322,5951.0,5957.0,2092.9058837890625,2192.846923828125
8652.0,269772593,66.0,107.0,26712.796875,1685220.0
8655.0,278634010,819.0,836.0,64491.4521484375,66184.1171875
8655.0,278634010,4077.0,4088.0,64491.4521484375,69656.5
8655.0,278634010,11698.0,11714.0,64491.4521484375,64455.4921875
8655.0,278634010,15355.0,15389.0,64491.4521484375,67234.0625
8687.0,350520348,1685.0,1692.0,67734.390625,68020.15625
8687.0,350520348,5282.0,5286.0,67734.390625,68365.8671875
8687.0,350520348,7459.0,7472.0,67734.390625,70569.109375
8690.0,410187905,9156.0,9169.0,3895.871337890625,4059.013671875
8701.0,179038379,8420.0,8426.0,1233.9375,1507.9532470703125
8701.0,179038379,11522.0,11549.0,1233.9375,1421.9007568359375
8722.0,271640350,3155.0,3176.0,31109.603515625,35147.65234375
8722.0,271640350,9156.0,9172.0,31109.603515625,31783.201171875
8723.0,220523369,531.0,538.0,2376.0891723632812,2438.22021484375
8723.0,220523369,1864.0,1870.0,2376.0891723632812,2631.1484375
8723.0,220523369,9980.0,9988.0,2376.0891723632812,2542.89208984375
8758.0,348992095,351.0,362.0,1635.1437377929688,2857.269287109375
8758.0,348992095,7889.0,7902.0,1635.1437377929688,3249.49365234375
8758.0,348992095,12641.0,12650.0,1635.1437377929688,1910.5704345703125
8789.0,140045538,2200.0,2222.0,73110.51953125,86485.8203125
8789.0,140045538,2279.0,2292.0,73110.51953125,84352.296875
8822.0,38681518,4289.0,4295.0,289.9347381591797,392.0434265136719
8822.0,38681518,9907.0,9917.0,289.9347381591797,335.42315673828125
8822.0,38681518,12658.0,12663.0,289.9347381591797,362.8572998046875
8824.0,220507474,5094.0,5107.0,102019.1015625,104203.0078125
8824.0,220507474,14379.0,14391.0,102019.1015625,102437.6484375
8841.0,29671923,832.0,836.0,733.5348052978516,892.4169311523438
8841.0,29671923,11957.0,11966.0,733.5348052978516,789.581787109375
8841.0,29671923,11968.0,11973.0,733.5348052978516,783.2008056640625
8841.0,29671923,13971.0,13996.0,733.5348052978516,1117.847900390625
8853.0,394136141,8265.0,8270.0,11567.84375,11957.4560546875
8853.0,394136141,14034.0,14049.0,11567.84375,11888.740234375
8882.0,381857325,12483.0,12488.0,13486.09912109375,13582.7265625
8934.0,260416268,7976.0,7980.0,1128099.3125,1131765.125
8948.0,270627580,1634.0,1642.0,52242.23046875,52504.71484375
8948.0,270627580,5237.0,5243.0,52242.23046875,52808.43359375
8948.0,270627580,11419.0,11433.0,52242.23046875,52781.171875
8948.0,270627580,14695.0,14701.0,52242.23046875,52394.25390625
8957.0,370326489,979.0,983.0,639.3657531738281,734.1388549804688
8970.0,99499658,1445.0,1449.0,1938.2581787109375,1998.085693359375
9076.0,140045537,2199.0,2219.0,239.5525894165039,2251.353271484375
9076.0,140045537,2278.0,2292.0,239.5525894165039,2027.727783203125
9145.0,211414575,13036.0,13041.0,491.4354553222656,611.4661865234375
9151.0,348898049,11470.0,11486.0,8131.06201171875,8204.5927734375
9155.0,160070136,9154.0,9159.0,1467062.625,1467670.375
9168.0,382635553,530.0,545.0,1371.259033203125,1514.9869384765625
9168.0,382635553,11993.0,12005.0,1371.259033203125,1676.8709716796875
9168.0,382635553,12623.0,12639.0,1371.259033203125,1550.353515625
9203.0,177309964,6524.0,6530.0,798.2026062011719,890.0546875
9203.0,177309964,13391.0,13396.0,798.2026062011719,958.9220581054688
9203.0,177309964,14361.0,14379.0,798.2026062011719,854.2257690429688
9214.0,370136985,13744.0,13756.0,24462.5380859375,24793.732421875
9222.0,140069261,8450.0,8454.0,26582.099609375,26983.251953125
9281.0,471012589,434.0,443.0,17350.2626953125,17764.263671875
9281.0,471012589,1970.0,1978.0,17350.2626953125,18114.15625
9281.0,471012589,5408.0,5415.0,17350.2626953125,17925.78125
9281.0,471012589,9147.0,9151.0,17350.2626953125,17383.37109375
9281.0,471012589,13354.0,13389.0,17350.2626953125,18273.86328125
9385.0,394137792,7052.0,7058.0,45746.3154296875,46052.4453125
9385.0,394137792,7865.0,7873.0,45746.3154296875,46138.65625
9385.0,394137792,9951.0,9958.0,45746.3154296875,46040.1875
9436.0,89333301,11684.0,11696.0,19540.1015625,19654.234375
9440.0,139131482,4863.0,4875.0,35136.07421875,35422.6015625
9492.0,212349497,16557.0,16561.0,39645.892578125,40270.9296875
9498.0,179369970,11549.0,11569.0,42056.294921875,42434.5234375
9513.0,409136541,405.0,411.0,19481.927734375,19636.064453125
9513.0,409136541,419.0,423.0,19481.927734375,19635.791015625
9524.0,355767053,5211.0,5229.0,1970.0196533203125,2853.304931640625
9550.0,314864866,3256.0,3267.0,1180.7764892578125,1297.243408203125
9550.0,314864866,6571.0,6583.0,1180.7764892578125,1495.4920654296875
9550.0,314864866,8829.0,8833.0,1180.7764892578125,1246.804931640625
9556.0,220432563,6730.0,6738.0,4399.230224609375,4585.34423828125
9556.0,220432563,14385.0,14416.0,4399.230224609375,4962.35009765625
9557.0,392761412,14379.0,14389.0,54024.873046875,54272.55859375
9557.0,392761412,14394.0,14398.0,54024.873046875,54251.08203125
9587.0,441403493,62.0,67.0,41197.58984375,42037.67578125
9588.0,92444219,14999.0,15007.0,2242.4080810546875,2346.638427734375
9644.0,144458200,7868.0,7872.0,14967.693359375,15123.44921875
9656.0,167814740,12856.0,12881.0,734.8357543945312,1087.306396484375
9657.0,231907973,708.0,715.0,18567.0986328125,19416.322265625
9657.0,231907973,3920.0,3925.0,18567.0986328125,18980.068359375
9657.0,231907973,4007.0,4011.0,18567.0986328125,18627.908203125
9657.0,231907973,9333.0,9340.0,18567.0986328125,18518.00390625
9657.0,231907973,9785.0,9789.0,18567.0986328125,17957.6171875
9657.0,231907973,11702.0,11708.0,18567.0986328125,19526.318359375
9657.0,231907973,12177.0,12191.0,18567.0986328125,19020.693359375
9657.0,231907973,14652.0,14676.0,18567.0986328125,18882.822265625
9675.0,92709374,11484.0,11488.0,239.61126708984375,273.8805847167969
9700.0,394275759,11283.0,11287.0,1372.2877807617188,1463.514404296875
9729.0,152911904,16560.0,16575.0,16961.3271484375,17169.33984375
9735.0,92595555,9941.0,9946.0,3737.9957275390625,4107.11865234375
9735.0,92595555,10029.0,10049.0,3737.9957275390625,3960.347900390625
9770.0,33837062,15358.0,15366.0,402.60137939453125,518.6113891601562
9821.0,167164775,6300.0,6304.0,11639.90869140625,11784.26171875
9853.0,358577029,11033.0,11046.0,917.3246154785156,995.5410766601562
9859.0,261261192,4006.0,4010.0,1011.3014526367188,1067.2449951171875
9859.0,261261192,7816.0,7829.0,1011.3014526367188,1447.2501220703125
9903.0,180412528,13767.0,13788.0,6838.68603515625,8175.9287109375
9950.0,92630472,12255.0,12264.0,70228.296875,70535.203125
9958.0,32035258,1.0,16.0,475246.109375,484002.46875
9958.0,32035258,14381.0,14410.0,475246.109375,481526.5625
9969.0,271643418,3418.0,3423.0,38322.052734375,38594.1328125
9969.0,271643418,3425.0,3430.0,38322.052734375,38614.9921875
9969.0,271643418,14378.0,14382.0,38322.052734375,38530.52734375
9969.0,271643418,14391.0,14397.0,38322.052734375,38556.2890625
9970.0,316976676,9814.0,9826.0,2172.4671630859375,2488.929443359375
10004.0,142052876,6942.0,6948.0,5847.75732421875,6420.29736328125
10004.0,142052876,16553.0,16565.0,5847.75732421875,8595.8720703125
10012.0,92629854,11757.0,11761.0,3888.5645751953125,3933.1640625
10017.0,350190639,2194.0,2203.0,2689.466552734375,3100.377685546875
10017.0,350190639,14524.0,14531.0,2689.466552734375,3055.4375
10019.0,32036415,1531.0,1535.0,2184.9190673828125,2232.603271484375
10032.0,441050093,11599.0,11606.0,35287.8046875,35477.65234375
10041.0,412050326,5078.0,5086.0,761.6333618164062,807.7167358398438
10044.0,160064321,1989.0,2022.0,22267.1650390625,22699.2890625
10055.0,394586557,9156.0,9171.0,194503.67578125,193861.0
10096.0,358467237,5965.0,5981.0,10320.345703125,10475.35546875
10106.0,212294687,297.0,301.0,16276.11474609375,16492.333984375
10122.0,152225810,348.0,362.0,3933143.75,3937051.5
10154.0,152926769,16530.0,16534.0,72893.8203125,73433.15625
10180.0,270623499,1113.0,1119.0,830.7602233886719,1062.9300537109375
10180.0,270623499,8858.0,8864.0,830.7602233886719,954.0779418945312
10180.0,270623499,12017.0,12022.0,830.7602233886719,1038.5028076171875
10180.0,270623499,16340.0,16345.0,830.7602233886719,971.1006469726562
10222.0,140039144,15931.0,15936.0,57862.462890625,58086.3671875
10228.0,294754396,1200.0,1204.0,8369.29443359375,8362.2490234375
10228.0,294754396,3238.0,3242.0,8369.29443359375,8697.5009765625
10228.0,294754396,8455.0,8464.0,8369.29443359375,8855.962890625
10228.0,294754396,12335.0,12343.0,8369.29443359375,8549.638671875
10265.0,214299906,102.0,122.0,16397.7216796875,16480.9140625
10265.0,214299906,739.0,743.0,16397.7216796875,16512.025390625
10273.0,150429807,9129.0,9158.0,23059.34228515625,23197.517578125
10276.0,234334027,9159.0,9166.0,44633.94140625,44585.265625
10283.0,161175802,8814.0,8836.0,928.2108154296875,1024.2437744140625
10290.0,141414217,9159.0,9185.0,41095.369140625,41290.12109375
10290.0,141414217,9187.0,9192.0,41095.369140625,41175.40234375
10308.0,147085676,3928.0,3932.0,6806.2520751953125,7034.9970703125
10308.0,147085676,5674.0,5679.0,6806.2520751953125,6969.7001953125
10308.0,147085676,13546.0,13578.0,6806.2520751953125,7252.09375
10343.0,238228648,4113.0,4134.0,6687.978271484375,7559.52099609375
10350.0,261560580,291.0,318.0,2119.3475341796875,2431.2822265625
10350.0,261560580,4854.0,4869.0,2119.3475341796875,2245.457275390625
10350.0,261560580,15524.0,15528.0,2119.3475341796875,2199.6328125
10355.0,92877691,11712.0,11726.0,534.0364074707031,602.450927734375
10355.0,92877691,11728.0,11749.0,534.0364074707031,606.0042724609375
10361.0,147421845,1775.0,1781.0,1155.485107421875,1252.45263671875
10361.0,147421845,7765.0,7775.0,1155.485107421875,1396.4368896484375
10385.0,161174286,15397.0,15422.0,2380.0718994140625,4315.0380859375
10394.0,92254720,9267.0,9272.0,3444.2379150390625,3567.998046875
10394.0,92254720,11346.0,11350.0,3444.2379150390625,3549.0146484375
10394.0,92254720,11883.0,11904.0,3444.2379150390625,3495.60107421875
10443.0,316992294,9458.0,9465.0,2121.56689453125,2529.805419921875
10444.0,211383792,5045.0,5062.0,11159.17138671875,11297.349609375
10444.0,211383792,5064.0,5068.0,11159.17138671875,11293.201171875
10447.0,150393064,2108.0,2116.0,14480.3330078125,14678.50390625
10513.0,161356637,4645.0,4651.0,20902.150390625,21559.55859375
10524.0,350142099,2322.0,2329.0,3029.2396240234375,3725.892333984375
10524.0,350142099,12993.0,13004.0,3029.2396240234375,4534.02587890625
10552.0,278667096,16472.0,16480.0,3852.0445556640625,3946.1845703125
10563.0,234284556,16527.0,16553.0,2505.2202758789062,3017.797119140625
10571.0,277101256,14383.0,14401.0,8693.694091796875,8736.68359375
10572.0,232073219,10623.0,10627.0,2635.1064453125,2717.767333984375
10572.0,232073219,12782.0,12787.0,2635.1064453125,2738.8232421875
10577.0,29671013,7933.0,7945.0,645063.25,647764.125
10580.0,142087451,2474.0,2490.0,657.1009216308594,752.3887329101562
10580.0,142087451,4866.0,4872.0,657.1009216308594,725.803955078125
10580.0,142087451,9361.0,9368.0,657.1009216308594,815.4886474609375
10590.0,152875041,16496.0,16500.0,23182.8173828125,23339.0390625
10595.0,207080123,6482.0,6492.0,6591.544189453125,7653.00927734375
10595.0,207080123,13757.0,13763.0,6591.544189453125,7299.6953125
10595.0,207080123,16492.0,16510.0,6591.544189453125,10497.6455078125
10599.0,150359500,61.0,65.0,18554.7861328125,20342.12890625
10599.0,150359500,9292.0,9301.0,18554.7861328125,22540.97265625
10599.0,150359500,12030.0,12036.0,18554.7861328125,25777.876953125
10599.0,150359500,13134.0,13144.0,18554.7861328125,20884.84375
10604.0,214991065,4356.0,4392.0,49853.34765625,51025.79296875
10604.0,214991065,4583.0,4619.0,49853.34765625,50315.16015625
10604.0,214991065,4733.0,4769.0,49853.34765625,50486.77734375
10615.0,38698751,6866.0,6876.0,576.1115417480469,639.1878051757812
10625.0,29477348,1615.0,1624.0,2191.90625,2377.606201171875
10641.0,273395799,1862.0,1866.0,934.2971954345703,1051.6175537109375
10641.0,273395799,6285.0,6299.0,934.2971954345703,1168.4969482421875
10641.0,273395799,7310.0,7316.0,934.2971954345703,1040.4066162109375
10641.0,273395799,10916.0,10934.0,934.2971954345703,1185.73583984375
10675.0,142086812,2856.0,2871.0,77950.92578125,80483.03125
10705.0,279615427,11920.0,11929.0,12200.39697265625,12552.3671875
10705.0,279615427,13739.0,13745.0,12200.39697265625,12501.5126953125
10738.0,277102246,15496.0,15500.0,3985.2705078125,4062.865966796875
10753.0,167247077,7936.0,7942.0,74193.89453125,74451.5703125
10753.0,167247077,13974.0,13982.0,74193.89453125,74783.578125
10766.0,219176544,5402.0,5410.0,3511.2755126953125,3752.32958984375
10766.0,219176544,9010.0,9031.0,3511.2755126953125,3752.965087890625
10766.0,219176544,12690.0,12698.0,3511.2755126953125,3701.738525390625
10766.0,219176544,14838.0,14847.0,3511.2755126953125,3621.780029296875
10845.0,260296875,8706.0,8714.0,83192.61328125,83691.4921875
10902.0,431383040,1507.0,1513.0,1530.3651733398438,1654.8197021484375
10902.0,431383040,1971.0,1988.0,1530.3651733398438,1809.4422607421875
10902.0,431383040,4688.0,4692.0,1530.3651733398438,1702.957275390625
10902.0,431383040,11474.0,11490.0,1530.3651733398438,1678.1900634765625
10920.0,147133612,7001.0,7014.0,9986.4560546875,10622.1171875
10921.0,126805047,14420.0,14426.0,2373.6663818359375,3167.721435546875
10921.0,126805047,15568.0,15577.0,2373.6663818359375,3637.443359375
10943.0,179040607,3541.0,3576.0,16713.90234375,17541.205078125
10951.0,273550461,1953.0,1970.0,1278.1188354492188,1379.5904541015625
10951.0,273550461,10500.0,10510.0,1278.1188354492188,1444.979736328125
10963.0,92863086,11525.0,11562.0,31067.9169921875,31289.220703125
10975.0,214772414,1457.0,1486.0,38275.705078125,40156.26171875
10975.0,214772414,1530.0,1558.0,38275.705078125,40766.328125
10975.0,214772414,5426.0,5458.0,38275.705078125,38986.12890625
10991.0,441113863,10601.0,10656.0,65453.140625,76376.390625
11000.0,99499229,6572.0,6578.0,2783.6961669921875,2863.004150390625
11000.0,99499229,7329.0,7350.0,2783.6961669921875,2931.5068359375
11011.0,92629355,11985.0,11993.0,16146.5478515625,16208.30859375
11023.0,302298212,11313.0,11364.0,1360.0824584960938,2040.3253173828125
11026.0,142108949,9147.0,9174.0,1975980.25,1981170.375
11056.0,260265631,9158.0,9198.0,13150.39404296875,13415.78125
11056.0,260265631,9200.0,9204.0,13150.39404296875,13319.6982421875
11095.0,53842668,1855.0,1862.0,1825.4094848632812,1971.586669921875
11095.0,53842668,9424.0,9428.0,1825.4094848632812,1894.3846435546875
11106.0,38633462,3198.0,3202.0,899.8228759765625,978.0299682617188
11137.0,149347629,7603.0,7608.0,1146.983154296875,1375.6539306640625
11137.0,149347629,14310.0,14319.0,1146.983154296875,1571.9423828125
11223.0,231914259,9966.0,9975.0,14420.276123046875,17976.62109375
11223.0,231914259,13243.0,13247.0,14420.276123046875,14819.9794921875
11223.0,231914259,13784.0,13817.0,14420.276123046875,18234.80078125
11223.0,231914259,16408.0,16416.0,14420.276123046875,15633.705078125
11223.0,231914259,16516.0,16520.0,14420.276123046875,15335.0966796875
11254.0,117545157,13894.0,13903.0,304.7542724609375,520.6822509765625
11258.0,79011520,422.0,454.0,1017.2115783691406,4874.34619140625
11259.0,167602025,6838.0,6860.0,7571.215576171875,8051.25927734375
11259.0,167602025,11827.0,11849.0,7571.215576171875,7750.3203125
11259.0,167602025,12004.0,12013.0,7571.215576171875,7724.43505859375
11334.0,150322340,9123.0,9157.0,671053.34375,671119.9375
11334.0,150322340,14376.0,14380.0,671053.34375,667526.875
11348.0,269793839,3580.0,3608.0,1147.940185546875,1312.2275390625
11385.0,425938795,1052.0,1059.0,2078.4639892578125,2627.222412109375
11385.0,425938795,9216.0,9226.0,2078.4639892578125,2846.23291015625
11385.0,425938795,9395.0,9408.0,2078.4639892578125,2380.427001953125
11385.0,425938795,11984.0,11990.0,2078.4639892578125,2534.361083984375
11385.0,425938795,12458.0,12472.0,2078.4639892578125,2538.610107421875
11403.0,29494625,11883.0,11894.0,8672.69677734375,8797.0126953125
11403.0,29494625,12575.0,12586.0,8672.69677734375,8836.767578125
11403.0,29494625,12588.0,12597.0,8672.69677734375,8846.322265625
11424.0,25243422,11931.0,11936.0,2392.7835083007812,2551.523193359375
11427.0,92786840,11741.0,11762.0,1543.8828735351562,1620.59423828125
11427.0,92786840,11831.0,11867.0,1543.8828735351562,1665.5675048828125
11427.0,92786840,12006.0,12010.0,1543.8828735351562,1598.0162353515625
11428.0,220557560,4899.0,4908.0,2578.36865234375,2792.904296875
11442.0,152939029,274.0,298.0,15104.033203125,15234.7158203125
11458.0,350146577,14341.0,14376.0,73669.39453125,78438.3359375
11527.0,287438823,9280.0,9297.0,758.7304077148438,1173.972900390625
11527.0,287438823,13700.0,13713.0,758.7304077148438,1052.441162109375
11530.0,80080623,3196.0,3203.0,303222.3671875,305971.625
11530.0,80080623,3205.0,3227.0,303222.3671875,306120.96875
11536.0,234305155,493.0,498.0,87808.5546875,87951.8046875
11536.0,234305155,6824.0,6828.0,87808.5546875,88187.03125
11539.0,229034814,6194.0,6220.0,40247.7294921875,40620.55078125
11558.0,150100421,7116.0,7142.0,3087.5018310546875,4865.98828125
11558.0,150100421,7418.0,7423.0,3087.5018310546875,3486.3193359375
11573.0,319289907,5645.0,5649.0,142710.3203125,143700.859375
11573.0,319289907,14378.0,14420.0,142710.3203125,144032.046875
11573.0,319289907,16499.0,16506.0,142710.3203125,142493.09375
11596.0,229060052,3986.0,4001.0,15701.4755859375,16032.521484375
11632.0,382157531,11796.0,11803.0,357.1185760498047,520.8530883789062
11658.0,212348411,2891.0,2918.0,17773.7529296875,17930.728515625
11665.0,215053453,111.0,154.0,17592.05859375,17786.11328125
11668.0,237910557,10274.0,10280.0,1017.5762023925781,1170.927001953125
11668.0,237910557,15250.0,15254.0,1017.5762023925781,1068.796875
11694.0,279614617,5112.0,5118.0,34862.5751953125,35677.9296875
11694.0,279614617,11046.0,11066.0,34862.5751953125,34064.69140625
11694.0,279614617,14406.0,14411.0,34862.5751953125,34134.99609375
11700.0,152250937,12055.0,12063.0,63834.189453125,64064.40625
11700.0,152250937,12069.0,12073.0,63834.189453125,64069.59765625
11705.0,266640930,1155.0,1163.0,5488.905029296875,5764.3427734375
11709.0,350297825,2467.0,2472.0,197.6033935546875,429.9214172363281
11751.0,31633878,599.0,609.0,3842.114013671875,4022.150146484375
11751.0,31633878,2046.0,2051.0,3842.114013671875,3969.0107421875
11800.0,206609630,6171.0,6177.0,1900.0407104492188,1995.6964111328125
11826.0,271891181,3019.0,3036.0,6833.46435546875,7029.96435546875
11867.0,152283580,7318.0,7364.0,1733.485107421875,1961.4375
11881.0,177115978,6753.0,6759.0,7353.564697265625,7532.869140625
11894.0,382512330,9136.0,9157.0,48035.74609375,48532.78125
11910.0,309062208,7463.0,7468.0,695.0113220214844,864.0015869140625
11910.0,309062208,7470.0,7475.0,695.0113220214844,781.8433227539062
11910.0,309062208,7480.0,7486.0,695.0113220214844,779.1563720703125
11919.0,278708135,8333.0,8339.0,35705.591796875,36325.63671875
11919.0,278708135,12386.0,12400.0,35705.591796875,38375.109375
11951.0,299779198,6965.0,6969.0,53099.8515625,53770.2265625
11975.0,382258517,1768.0,1790.0,22950.68798828125,31607.06640625
11975.0,382258517,2449.0,2453.0,22950.68798828125,24862.736328125
11977.0,25153167,16064.0,16070.0,551.0717163085938,665.866455078125
11987.0,355766445,41.0,65.0,7255.76953125,8268.708984375
11989.0,176873028,5302.0,5309.0,66505.626953125,67344.484375
11989.0,176873028,9151.0,9156.0,66505.626953125,68988.0546875
11989.0,176873028,12639.0,12649.0,66505.626953125,66832.8046875
11991.0,92786857,11699.0,11705.0,23380.3505859375,23522.244140625
11991.0,92786857,11707.0,11715.0,23380.3505859375,23516.966796875
12027.0,306826065,6529.0,6533.0,606.0578002929688,723.8241577148438
12061.0,261523668,3373.0,3378.0,530.4149780273438,652.6348876953125
12075.0,139763851,4742.0,4748.0,1276.6522827148438,1353.184326171875
12075.0,139763851,15292.0,15297.0,1276.6522827148438,1363.6383056640625
12095.0,31925242,836.0,841.0,44587.5068359375,46711.24609375
12095.0,31925242,843.0,858.0,44587.5068359375,46761.6953125
12095.0,31925242,865.0,869.0,44587.5068359375,46700.125
12095.0,31925242,5419.0,5423.0,44587.5068359375,46470.27734375
12095.0,31925242,9119.0,9125.0,44587.5068359375,45050.6953125
12095.0,31925242,9141.0,9145.0,44587.5068359375,45115.74609375
12118.0,92731064,11729.0,11760.0,7171.545654296875,7362.47412109375
12118.0,92731064,11817.0,11823.0,7171.545654296875,7282.2763671875
12118.0,92731064,11825.0,11839.0,7171.545654296875,7301.65966796875
12118.0,92731064,11921.0,11925.0,7171.545654296875,7264.9404296875
12118.0,92731064,12032.0,12037.0,7171.545654296875,7261.248046875
12118.0,92731064,12040.0,12044.0,7171.545654296875,7255.8125
12135.0,232064182,651.0,655.0,2691.2412109375,2890.802001953125
12135.0,232064182,2217.0,2221.0,2691.2412109375,2767.52587890625
12135.0,232064182,3193.0,3202.0,2691.2412109375,2796.804931640625
12135.0,232064182,11315.0,11320.0,2691.2412109375,2770.9970703125
12166.0,144252096,16484.0,16488.0,37622.611328125,37784.40625
12170.0,33880418,1391.0,1401.0,526.5046691894531,689.2593383789062
12174.0,92350846,13532.0,13544.0,856.9778442382812,1149.9002685546875
12207.0,235007556,14376.0,14409.0,806982.15625,822107.6875
12207.0,235007556,14411.0,14417.0,806982.15625,820588.125
12210.0,279315384,1431.0,1443.0,14582.12255859375,15342.8330078125
12256.0,306893839,14362.0,14366.0,97117.87890625,96976.4453125
12257.0,204450571,9476.0,9484.0,757.9043579101562,883.953369140625
12303.0,394632679,2259.0,2264.0,3465.3653564453125,3874.0673828125
12303.0,394632679,2883.0,2895.0,3465.3653564453125,3828.02294921875
12303.0,394632679,12572.0,12582.0,3465.3653564453125,4330.71533203125
12322.0,214772353,1.0,10.0,10800.61279296875,12687.779296875
12322.0,214772353,281.0,288.0,10800.61279296875,10295.81640625
12322.0,214772353,498.0,504.0,10800.61279296875,10805.048828125
12322.0,214772353,608.0,650.0,10800.61279296875,12344.7744140625
12322.0,214772353,721.0,739.0,10800.61279296875,11495.3251953125
12322.0,214772353,794.0,810.0,10800.61279296875,11964.3896484375
12336.0,273416539,2424.0,2430.0,5046.982421875,5301.33056640625
12336.0,273416539,12441.0,12452.0,5046.982421875,5569.00439453125
12340.0,270101915,1995.0,2020.0,1415.8833618164062,1737.3681640625
12340.0,270101915,3310.0,3315.0,1415.8833618164062,1511.033203125
12346.0,167524563,397.0,403.0,110964.494140625,111701.375
12346.0,167524563,411.0,420.0,110964.494140625,111865.921875
12389.0,92749466,11577.0,11585.0,116.53992462158203,176.961181640625
12389.0,92749466,11587.0,11591.0,116.53992462158203,176.12583923339844
12391.0,231844926,9128.0,9156.0,293616.3515625,295028.28125
12391.0,231844926,14327.0,14377.0,293616.3515625,298428.4375
12493.0,270341486,5893.0,5913.0,20788.87841796875,20504.705078125
12493.0,270341486,9285.0,9292.0,20788.87841796875,16709.8203125
12513.0,149445580,471.0,485.0,5075.52392578125,5151.873046875
12562.0,441415362,67.0,71.0,14165.90771484375,15046.7265625
12570.0,269772516,3.0,44.0,52963.654296875,1504280.25
12607.0,269829384,4315.0,4320.0,2778.178955078125,2920.446533203125
12634.0,92866508,11669.0,11673.0,11079.93212890625,11232.7548828125
12654.0,237338543,10773.0,10778.0,4222.158447265625,4510.30615234375
12654.0,237338543,10821.0,10830.0,4222.158447265625,4465.603515625
12654.0,237338543,14146.0,14150.0,4222.158447265625,4814.0537109375
12716.0,406277015,10869.0,10899.0,14891.98681640625,20927.61328125
12720.0,214992249,10.0,26.0,141538.0546875,142503.171875
12720.0,214992249,139.0,146.0,141538.0546875,142634.265625
12720.0,214992249,206.0,212.0,141538.0546875,142659.296875
12720.0,214992249,322.0,375.0,141538.0546875,145332.375
12720.0,214992249,4008.0,4046.0,141538.0546875,142747.28125
12720.0,214992249,4434.0,4460.0,141538.0546875,142789.640625
12734.0,274017928,11560.0,11596.0,3048.77685546875,5168.69189453125
12774.0,349762144,9118.0,9126.0,831.8275146484375,1070.855712890625
12774.0,349762144,10997.0,11002.0,831.8275146484375,931.5094604492188
12784.0,348763552,6659.0,6664.0,620.0906982421875,700.7880859375
12827.0,394680557,3487.0,3496.0,832.1707458496094,1065.43359375
12847.0,115190256,6023.0,6037.0,1425.9618530273438,2512.462646484375
12847.0,115190256,14575.0,14581.0,1425.9618530273438,1529.3946533203125
12863.0,441181339,3241.0,3246.0,394756.453125,395612.25
12914.0,147272181,11603.0,11609.0,25281.10546875,25974.439453125
12921.0,29636302,12242.0,12257.0,1793.3671569824219,1908.2169189453125
12939.0,410211632,10570.0,10581.0,897.579833984375,1069.3072509765625
12957.0,327667965,9154.0,9164.0,92025.92578125,93212.71875
12960.0,25373148,16276.0,16324.0,91.61014938354492,593.7922973632812
13003.0,167812509,369.0,374.0,642.0628051757812,709.3541870117188
13003.0,167812509,11325.0,11329.0,642.0628051757812,710.5127563476562
13007.0,262609754,14961.0,14982.0,8463.828369140625,8997.5869140625
13011.0,30527625,1297.0,1301.0,2753.0419921875,2879.81201171875
13044.0,231267979,988.0,992.0,7899.665283203125,8110.40869140625
13044.0,231267979,6083.0,6088.0,7899.665283203125,8171.44140625
13044.0,231267979,9590.0,9610.0,7899.665283203125,9087.4912109375
13044.0,231267979,9646.0,9653.0,7899.665283203125,8508.2890625
13044.0,231267979,10866.0,10876.0,7899.665283203125,8441.951171875
13048.0,33910266,14359.0,14368.0,132599.1484375,133088.296875
13048.0,33910266,14370.0,14378.0,132599.1484375,133136.453125
13065.0,126910093,9102.0,9146.0,21641.07080078125,36259.78125
13072.0,161174284,15397.0,15422.0,2993.595458984375,4923.89990234375
13074.0,266923326,9631.0,9638.0,2377.1494140625,2567.32373046875
13074.0,266923326,13073.0,13083.0,2377.1494140625,2702.2431640625
13074.0,266923326,16479.0,16492.0,2377.1494140625,3355.726318359375
13103.0,38763326,14381.0,14423.0,16737.0380859375,17235.09375
13129.0,206537793,2844.0,2852.0,4574.2239990234375,4638.38720703125
13129.0,206537793,7998.0,8006.0,4574.2239990234375,4803.56591796875
13131.0,212289450,129.0,133.0,16472.794921875,17225.3984375
13140.0,115151897,14260.0,14283.0,23829.623046875,23980.04296875
13143.0,152807584,612.0,645.0,1790.268798828125,1907.662109375
13153.0,29545491,13833.0,13884.0,19742.8623046875,20413.9765625
13154.0,273551414,10246.0,10254.0,1169.3519287109375,1303.5921630859375
13202.0,355739089,4815.0,4821.0,4837.929443359375,5348.75244140625
13217.0,350223741,7453.0,7459.0,3298.187255859375,3746.530517578125
13217.0,350223741,13217.0,13221.0,3298.187255859375,3369.359619140625
13217.0,350223741,15365.0,15373.0,3298.187255859375,3485.271728515625
13249.0,29717176,12556.0,12571.0,14634.937255859375,14778.75390625
13257.0,150167319,4478.0,4506.0,546.472900390625,1141.401611328125
13257.0,150167319,8240.0,8249.0,546.472900390625,788.1421508789062
13318.0,220538891,2697.0,2724.0,10482.45703125,11398.46484375
13335.0,92873799,11439.0,11460.0,12846.4033203125,12934.857421875
13335.0,92873799,12291.0,12295.0,12846.4033203125,12942.6728515625
13372.0,214873946,1506.0,1535.0,16482.0546875,17212.361328125
13372.0,214873946,4791.0,4827.0,16482.0546875,17509.828125
13372.0,214873946,4861.0,4870.0,16482.0546875,16886.451171875
13372.0,214873946,5217.0,5247.0,16482.0546875,17178.228515625
13372.0,214873946,5314.0,5323.0,16482.0546875,16744.02734375
13409.0,33881250,5693.0,5701.0,1009.5227355957031,1198.605712890625
13412.0,234998454,6557.0,6561.0,138.49755859375,304.50018310546875
13412.0,234998454,10953.0,10959.0,138.49755859375,248.91494750976562
13426.0,279314127,5370.0,5392.0,1041.31591796875,2307.371826171875
13426.0,279314127,9628.0,9633.0,1041.31591796875,1294.185546875
13463.0,278024057,15129.0,15148.0,36251.859375,38570.6953125
13463.0,278024057,15946.0,15954.0,36251.859375,36983.421875
13488.0,167525513,11787.0,11802.0,580.7763671875,3596.04833984375
13515.0,197644539,1027.0,1032.0,1594.52734375,1706.0560302734375
13515.0,197644539,5550.0,5556.0,1594.52734375,1748.577392578125
13515.0,197644539,15982.0,15993.0,1594.52734375,1921.620849609375
13557.0,29825852,11721.0,11742.0,14722.7587890625,14961.18359375
13557.0,29825852,11859.0,11880.0,14722.7587890625,14898.1220703125
13557.0,29825852,12294.0,12314.0,14722.7587890625,14907.9912109375
13567.0,260889990,1925.0,1941.0,4363.9376220703125,5436.84716796875
13567.0,260889990,8338.0,8347.0,4363.9376220703125,4739.798828125
13567.0,260889990,8543.0,8556.0,4363.9376220703125,4687.27978515625
13567.0,260889990,11541.0,11547.0,4363.9376220703125,4618.25634765625
13567.0,260889990,12162.0,12179.0,4363.9376220703125,4826.98779296875
13567.0,260889990,12977.0,12982.0,4363.9376220703125,4548.60986328125
13573.0,234500678,9152.0,9157.0,1018287.828125,1018353.375
13575.0,161267354,16073.0,16080.0,489.18487548828125,539.3880004882812
13584.0,114953216,13591.0,13598.0,3179.0709228515625,3461.062744140625
13587.0,403138334,4684.0,4700.0,4786.452880859375,4984.2529296875
13587.0,403138334,6035.0,6040.0,4786.452880859375,5174.87646484375
13592.0,201292296,3843.0,3857.0,5328.37939453125,5556.03515625
13592.0,201292296,14497.0,14507.0,5328.37939453125,6641.1328125
13600.0,41595212,216.0,220.0,15940.22607421875,15979.208984375
13636.0,92451349,11550.0,11555.0,89742.97265625,90012.4296875
13636.0,92451349,11560.0,11565.0,89742.97265625,89960.3671875
13639.0,114985772,11851.0,11876.0,5148.6551513671875,5900.6904296875
13639.0,114985772,14440.0,14456.0,5148.6551513671875,5395.93798828125
13661.0,234505545,14379.0,14417.0,32501.125,32150.6875
13683.0,29842113,11976.0,11982.0,50387.37890625,50540.42578125
13686.0,266997586,2308.0,2319.0,89575.275390625,92162.6796875
13686.0,266997586,14380.0,14402.0,89575.275390625,92193.7265625
13692.0,262955872,2464.0,2475.0,4409.021484375,4995.8193359375
13692.0,262955872,3165.0,3171.0,4409.021484375,4662.36474609375
13692.0,262955872,14991.0,15007.0,4409.021484375,5348.4501953125
13697.0,207082763,1423.0,1437.0,4880.84912109375,7377.73388671875
13697.0,207082763,10414.0,10437.0,4880.84912109375,6332.71044921875
13706.0,261540707,2539.0,2553.0,12533.45751953125,13007.72265625
13706.0,261540707,2973.0,2987.0,12533.45751953125,13015.5380859375
13706.0,261540707,9653.0,9662.0,12533.45751953125,15230.2666015625
13724.0,364589441,6031.0,6035.0,877.9249572753906,931.7098388671875
13782.0,234518883,1719.0,1728.0,5750.101318359375,9215.4970703125
13782.0,234518883,2624.0,2639.0,5750.101318359375,9179.4072265625
13782.0,234518883,4807.0,4818.0,5750.101318359375,9168.875
13782.0,234518883,6599.0,6620.0,5750.101318359375,9172.0029296875
13815.0,410486022,4940.0,4951.0,29715.478515625,29956.66796875
13857.0,253932935,16519.0,16538.0,74.98915481567383,163.76370239257812
13961.0,238817606,7515.0,7524.0,266.2108917236328,430.65484619140625
14041.0,375035131,2685.0,2692.0,659.4975280761719,746.7681274414062
14083.0,149913598,803.0,808.0,1816.1699829101562,1938.22705078125
14083.0,149913598,2998.0,3004.0,1816.1699829101562,2031.0364990234375
14083.0,149913598,11478.0,11494.0,1816.1699829101562,1922.7027587890625
14083.0,149913598,15046.0,15056.0,1816.1699829101562,2081.947998046875
14117.0,38515801,12714.0,12722.0,761.0577392578125,1087.3076171875
14141.0,271975726,5118.0,5140.0,910.1172485351562,1449.67333984375
14163.0,167696018,2544.0,2550.0,8394.2978515625,8581.12890625
14224.0,197961755,6705.0,6717.0,344.9608154296875,540.910400390625
14237.0,263074592,8432.0,8459.0,29036.44775390625,29903.900390625
14246.0,214517415,1523.0,1548.0,2042.3887329101562,2794.0322265625
14246.0,214517415,1595.0,1619.0,2042.3887329101562,3810.596435546875
14246.0,214517415,1640.0,1650.0,2042.3887329101562,3032.75634765625
14246.0,214517415,2111.0,2116.0,2042.3887329101562,2381.185302734375
14246.0,214517415,2207.0,2240.0,2042.3887329101562,3314.31103515625
14249.0,441384659,193.0,233.0,6795.970947265625,1733482.375
14284.0,389922504,9132.0,9142.0,76806.18359375,77112.4609375
14284.0,389922504,9144.0,9158.0,76806.18359375,77195.4453125
14349.0,348718444,666.0,670.0,69556.32421875,69708.8515625
14353.0,214912513,18.0,41.0,90047.8203125,101777.6171875
14353.0,214912513,93.0,109.0,90047.8203125,89925.765625
14353.0,214912513,182.0,222.0,90047.8203125,96090.5390625
14353.0,214912513,316.0,337.0,90047.8203125,94242.0703125
14353.0,214912513,394.0,402.0,90047.8203125,90842.171875
14353.0,214912513,4582.0,4608.0,90047.8203125,92432.8984375
14356.0,293507177,352.0,377.0,14425.02197265625,16723.0703125
14356.0,293507177,9482.0,9505.0,14425.02197265625,15901.5107421875
14361.0,269762999,9403.0,9409.0,662.4720764160156,798.350341796875
14376.0,289828268,12553.0,12580.0,26136.1123046875,26324.67578125
14385.0,161175809,16421.0,16428.0,10411.57568359375,10689.90625
14389.0,270676943,6505.0,6509.0,2389.6741943359375,2771.954833984375
14389.0,270676943,6679.0,6694.0,2389.6741943359375,3259.283203125
14389.0,270676943,10563.0,10568.0,2389.6741943359375,2747.6083984375
14414.0,234506911,1238.0,1260.0,7365.639404296875,10193.5556640625
14414.0,234506911,1768.0,1782.0,7365.639404296875,9986.8896484375
14414.0,234506911,15166.0,15182.0,7365.639404296875,11138.83203125
14418.0,214709620,5686.0,5728.0,1006.5414123535156,1777.938720703125
14447.0,231269344,9129.0,9173.0,460042.984375,464974.65625
14454.0,469933293,14352.0,14356.0,2813914.75,2830802.25
14477.0,33910267,14371.0,14379.0,156125.8515625,156722.546875
14484.0,25200252,4738.0,4754.0,6216.627685546875,10774.275390625
14484.0,25200252,10562.0,10575.0,6216.627685546875,7341.76416015625
14494.0,441357079,1.0,8.0,41696.96875,378357.125
14566.0,238194459,1780.0,1786.0,4348.931396484375,4462.51708984375
14566.0,238194459,10585.0,10617.0,4348.931396484375,4919.89013671875
14566.0,238194459,15254.0,15265.0,4348.931396484375,4505.76953125
14576.0,143821840,9324.0,9358.0,6238.46044921875,6816.45166015625
14582.0,52019004,1819.0,1830.0,2851.6990966796875,2959.359130859375
14582.0,52019004,5609.0,5614.0,2851.6990966796875,2948.6044921875
14582.0,52019004,6150.0,6155.0,2851.6990966796875,2965.822998046875
14582.0,52019004,11137.0,11141.0,2851.6990966796875,2986.164794921875
14590.0,143822655,8076.0,8107.0,61314.6025390625,62067.0859375
14590.0,143822655,9182.0,9193.0,61314.6025390625,62009.8046875
14621.0,29779873,12517.0,12524.0,1637.9424438476562,1779.8956298828125
14621.0,29779873,14598.0,14602.0,1637.9424438476562,1850.3814697265625
14627.0,167165793,4295.0,4299.0,397.7674102783203,641.2198486328125
14627.0,167165793,6926.0,6933.0,397.7674102783203,469.1346130371094
14715.0,141426525,8994.0,9001.0,671.8747253417969,761.6795654296875
14733.0,52382634,2973.0,2980.0,23870.2431640625,24156.69921875
14784.0,279089140,8483.0,8499.0,61205.83203125,61919.33203125
14796.0,441357923,132.0,144.0,267.9114074707031,341444.4375
14796.0,441357923,224.0,254.0,267.9114074707031,652875.6875
14804.0,325525541,10065.0,10078.0,10803.455078125,10819.2763671875
14817.0,409141581,1859.0,1871.0,6690.699951171875,7076.82763671875
14817.0,409141581,2607.0,2615.0,6690.699951171875,6774.1083984375
14817.0,409141581,5053.0,5057.0,6690.699951171875,7049.408203125
14817.0,409141581,7411.0,7420.0,6690.699951171875,7212.1181640625
14817.0,409141581,11411.0,11418.0,6690.699951171875,7219.75537109375
14834.0,206462606,11198.0,11252.0,19313.134765625,21891.2109375
14864.0,211354429,701.0,747.0,28481.458984375,29478.814453125
14870.0,382243958,3918.0,3923.0,1062.3497314453125,1317.021728515625
14871.0,150432211,11179.0,11184.0,1097.4102172851562,1169.2064208984375
14871.0,150432211,11722.0,11740.0,1097.4102172851562,1290.83349609375
14871.0,150432211,13636.0,13655.0,1097.4102172851562,1328.7335205078125
14923.0,273550465,1955.0,1960.0,296.7425537109375,336.80487060546875
14923.0,273550465,10500.0,10504.0,296.7425537109375,344.05645751953125
14930.0,231835378,1528.0,1556.0,3657.0255126953125,4728.93798828125
14953.0,382383606,16520.0,16524.0,124.13285827636719,169.6714630126953
14960.0,29780677,9452.0,9474.0,704.2404174804688,2389.960693359375
14960.0,29780677,11735.0,11741.0,704.2404174804688,835.898193359375
14997.0,214365669,276.0,280.0,11610.0595703125,11737.1708984375
14997.0,214365669,282.0,299.0,11610.0595703125,11759.51171875
14997.0,214365669,16568.0,16572.0,11610.0595703125,11739.31640625
15062.0,441353842,272.0,315.0,14145.38720703125,1636900.125
15144.0,327595236,4427.0,4444.0,152746.140625,156911.15625
15144.0,327595236,9120.0,9157.0,152746.140625,153847.375
15144.0,327595236,11502.0,11515.0,152746.140625,157689.25
15168.0,160037228,16528.0,16536.0,15279.73291015625,15422.08984375
15174.0,232063593,9158.0,9180.0,29918.4453125,32317.33203125
15174.0,232063593,14360.0,14364.0,29918.4453125,32094.5546875
15174.0,232063593,14366.0,14379.0,29918.4453125,32339.01171875
15180.0,92915129,14347.0,14355.0,54449.2890625,55054.125
15180.0,92915129,14359.0,14374.0,54449.2890625,55118.35546875
15192.0,31108599,8036.0,8046.0,2074.6737060546875,2411.81201171875
15192.0,31108599,15692.0,15702.0,2074.6737060546875,2288.89306640625
15221.0,212250653,305.0,309.0,52652.998046875,54061.62109375
15226.0,277688819,14370.0,14375.0,239463.3359375,242947.578125
15256.0,300864518,10790.0,10794.0,4090.595947265625,4184.095703125
15280.0,270036525,10173.0,10179.0,18399.7763671875,18371.240234375
15296.0,441322912,126.0,164.0,7738.807861328125,2009764.0
15304.0,204449839,10576.0,10596.0,17446.61962890625,17854.966796875
15304.0,204449839,10598.0,10605.0,17446.61962890625,17827.220703125
15304.0,204449839,14379.0,14391.0,17446.61962890625,17488.259765625
15306.0,149347480,12068.0,12073.0,109574.5859375,109771.0625
15368.0,403236288,2192.0,2202.0,5675.6025390625,5984.88720703125
15368.0,403236288,11163.0,11172.0,5675.6025390625,6039.71923828125
15370.0,70449600,16517.0,16521.0,34280.7421875,34405.8828125
15436.0,183645350,6697.0,6703.0,228120.07421875,229496.40625
15461.0,212254842,10538.0,10543.0,106.04021072387695,160.25753784179688
15488.0,289953153,12475.0,12518.0,1760.9301147460938,1936.8785400390625
15488.0,289953153,12520.0,12524.0,1760.9301147460938,1882.7332763671875
15496.0,277017695,9152.0,9158.0,22060.6572265625,22047.166015625
15552.0,271698144,4841.0,4847.0,1238.9049682617188,1438.002197265625
15552.0,271698144,9771.0,9780.0,1238.9049682617188,1510.849853515625
15552.0,271698144,10512.0,10519.0,1238.9049682617188,1353.9952392578125
15552.0,271698144,11005.0,11013.0,1238.9049682617188,1393.4263916015625
15571.0,53941148,6441.0,6450.0,95142.3125,95445.9453125
15572.0,293482088,14376.0,14384.0,32608.08203125,33196.015625
15572.0,293482088,14389.0,14393.0,32608.08203125,33159.46875
15597.0,220429097,6651.0,6655.0,373.7997131347656,405.95928955078125
15688.0,234305804,2538.0,2542.0,1083.8204956054688,1451.7413330078125
15722.0,238183068,3459.0,3463.0,7078.3104248046875,7413.658203125
15722.0,238183068,6671.0,6679.0,7078.3104248046875,7336.4755859375
15722.0,238183068,9391.0,9399.0,7078.3104248046875,7720.4892578125
15729.0,219212899,6841.0,6847.0,9108.101806640625,9271.8154296875
15743.0,234526939,1541.0,1545.0,5236.9091796875,5414.79248046875
15743.0,234526939,2782.0,2786.0,5236.9091796875,5433.33544921875
15743.0,234526939,10562.0,10578.0,5236.9091796875,5688.01416015625
15748.0,92655416,11982.0,11990.0,57413.72265625,57657.72265625
15764.0,270071350,7419.0,7430.0,77.85754776000977,135.75201416015625
15789.0,50274085,5388.0,5399.0,337.4416198730469,557.2527465820312
15825.0,167894019,3950.0,3957.0,1454.4476928710938,1877.6036376953125
15825.0,167894019,9345.0,9352.0,1454.4476928710938,1617.078857421875
15832.0,99494149,9811.0,9828.0,2179.57275390625,3185.46923828125
15843.0,214299966,2905.0,2945.0,10743.80126953125,11088.6455078125
15847.0,214428425,2689.0,2714.0,121036.02734375,122141.1484375
15847.0,214428425,2777.0,2807.0,121036.02734375,122249.8984375
15847.0,214428425,2901.0,2941.0,121036.02734375,122567.078125
15853.0,279326808,16467.0,16471.0,19742.2626953125,19824.32421875
15862.0,53851254,2236.0,2246.0,2208.286865234375,2418.857177734375
15862.0,53851254,4875.0,4907.0,2208.286865234375,2929.746337890625
